,chr,start,end,name,score,loci,snp,loop_chr,loop_A_start,loop_B_end,loop_id,nom_pval_loop_perm_CD8,slope_loop_perm_CD8,adj_beta_pval_loop_perm_CD8,FDR_loop_perm_CD8,nom_pval_loop_nom_CD8,slope_loop_nom_CD8,nom_pval_loop_perm_CD4,slope_loop_perm_CD4,adj_beta_pval_loop_perm_CD4,FDR_loop_perm_CD4,nom_pval_loop_nom_CD4,slope_loop_nom_CD4
0,chr1,24963242,24963243,rs72657048_rs72657048,1.0,rs72657048,rs72657048,,,,,,,,,,,,,,,,
1,chr1,24964518,24964519,rs6672420_rs72657048,0.904421,rs72657048,rs6672420,,,,,,,,,,,,,,,,
2,chr1,24966176,24966177,rs7528484_rs72657048,0.991994,rs72657048,rs7528484,,,,,,,,,,,,,,,,
3,chr1,24966592,24966593,rs7536201_rs72657048,0.991994,rs72657048,rs7536201,,,,,,,,,,,,,,,,
4,chr1,24966709,24966710,rs11249212_rs72657048,0.984021,rs72657048,rs11249212,,,,,,,,,,,,,,,,
5,chr1,24966724,24966725,rs7414934_rs72657048,0.991994,rs72657048,rs7414934,,,,,,,,,,,,,,,,
6,chr1,24966745,24966746,rs11249213_rs72657048,0.991994,rs72657048,rs11249213,,,,,,,,,,,,,,,,
7,chr1,24966864,24966865,rs4265380_rs72657048,0.991994,rs72657048,rs4265380,,,,,,,,,,,,,,,,
8,chr1,24967283,24967284,rs11311495_rs72657048,0.991994,rs72657048,rs11311495,,,,,,,,,,,,,,,,
9,chr1,24967337,24967338,rs4648889_rs72657048,0.991994,rs72657048,rs4648889,,,,,,,,,,,,,,,,
10,chr1,24967410,24967411,rs4649040_rs72657048,0.991994,rs72657048,rs4649040,,,,,,,,,,,,,,,,
11,chr1,24967449,24967450,rs4648890_rs72657048,0.988,rs72657048,rs4648890,,,,,,,,,,,,,,,,
12,chr1,24967703,24967704,rs7523328_rs72657048,0.972044,rs72657048,rs7523328,,,,,,,,,,,,,,,,
13,chr1,24967714,24967715,rs7523334_rs72657048,0.972044,rs72657048,rs7523334,,,,,,,,,,,,,,,,
14,chr1,24967716,24967717,rs7532198_rs72657048,0.972044,rs72657048,rs7532198,,,,,,,,,,,,,,,,
15,chr1,24967772,24967773,rs7523412_rs72657048,0.988004,rs72657048,rs7523412,,,,,,,,,,,,,,,,
16,chr1,24967853,24967854,rs7536848_rs72657048,0.991994,rs72657048,rs7536848,,,,,,,,,,,,,,,,
17,chr1,24968056,24968057,rs373993301_rs72657048,0.95224,rs72657048,rs373993301,,,,,,,,,,,,,,,,
18,chr1,24968081,24968082,rs7525903_rs72657048,0.991994,rs72657048,rs7525903,,,,,,,,,,,,,,,,
19,chr1,24968115,24968116,rs7542079_rs72657048,0.988,rs72657048,rs7542079,,,,,,,,,,,,,,,,
20,chr1,24968126,24968127,rs7542147_rs72657048,0.991994,rs72657048,rs7542147,,,,,,,,,,,,,,,,
21,chr1,24968386,24968387,rs10903118_rs72657048,0.991994,rs72657048,rs10903118,,,,,,,,,,,,,,,,
22,chr1,24968410,24968411,rs10903119_rs72657048,0.991994,rs72657048,rs10903119,,,,,,,,,,,,,,,,
23,chr1,24969088,24969089,rs7529070_rs72657048,0.984021,rs72657048,rs7529070,,,,,,,,,,,,,,,,
24,chr1,24969986,24969987,rs10751775_rs72657048,0.980056,rs72657048,rs10751775,chr1,24687501.0,25205000.0,1261.0,,,,,,,0.00157452,0.611725,0.676052,0.9782001810869502,,
25,chr1,24970251,24970252,rs10751776_rs72657048,0.980056,rs72657048,rs10751776,,,,,,,,,,,,,,,,
26,chr1,24970692,24970693,rs11249215_rs72657048,0.911208,rs72657048,rs11249215,,,,,,,,,,,,,,,,
27,chr1,24972912,24972913,rs7555518_rs72657048,0.968062,rs72657048,rs7555518,,,,,,,,,,,,,,,,
28,chr1,24972940,24972941,rs12407074_rs72657048,0.968062,rs72657048,rs12407074,,,,,,,,,,,,,,,,
29,chr1,24973110,24973111,rs7550552_rs72657048,0.968062,rs72657048,rs7550552,,,,,,,,,,,,,,,,
30,chr1,24973145,24973146,rs7550635_rs72657048,0.972052,rs72657048,rs7550635,,,,,,,,,,,,,,,,
31,chr1,24973256,24973257,rs34115476_rs72657048,0.968062,rs72657048,rs34115476,,,,,,,,,,,,,,,,
32,chr1,24973324,24973325,rs7542123_rs72657048,0.968062,rs72657048,rs7542123,,,,,,,,,,,,,,,,
33,chr1,24973344,24973345,rs7513156_rs72657048,0.968062,rs72657048,rs7513156,,,,,,,,,,,,,,,,
34,chr1,24973550,24973551,rs10903121_rs72657048,0.968062,rs72657048,rs10903121,,,,,,,,,,,,,,,,
35,chr1,24973764,24973765,rs11249218_rs72657048,0.968062,rs72657048,rs11249218,,,,,,,,,,,,,,,,
36,chr1,24973877,24973878,rs11249219_rs72657048,0.968062,rs72657048,rs11249219,,,,,,,,,,,,,,,,
37,chr1,24974049,24974050,rs11249221_rs72657048,0.968062,rs72657048,rs11249221,,,,,,,,,,,,,,,,
38,chr1,24974140,24974141,rs12036815_rs72657048,0.968062,rs72657048,rs12036815,,,,,,,,,,,,,,,,
39,chr1,24974985,24974986,rs7545113_rs72657048,0.960115,rs72657048,rs7545113,,,,,,,,,,,,,,,,
40,chr1,24975161,24975162,rs7547501_rs72657048,0.960125,rs72657048,rs7547501,,,,,,,,,,,,,,,,
41,chr1,24975377,24975378,rs1609996_rs72657048,0.960115,rs72657048,rs1609996,,,,,,,,,,,,,,,,
42,chr1,24976003,24976004,rs2135755_rs72657048,0.960115,rs72657048,rs2135755,,,,,,,,,,,,,,,,
43,chr1,24977084,24977085,rs10903122_rs72657048,0.956145,rs72657048,rs10903122,,,,,,,,,,,,,,,,
44,chr1,24977413,24977414,rs2063112_rs72657048,0.956145,rs72657048,rs2063112,,,,,,,,,,,,,,,,
45,chr1,24977452,24977453,rs2063111_rs72657048,0.858343,rs72657048,rs2063111,,,,,,,,,,,,,,,,
46,chr1,24977642,24977643,rs2063110_rs72657048,0.960115,rs72657048,rs2063110,,,,,,,,,,,,,,,,
47,chr1,24977971,24977972,rs2370233_rs72657048,0.940325,rs72657048,rs2370233,,,,,,,,,,,,,,,,
48,chr1,24977972,24977973,rs2370234_rs72657048,0.948218,rs72657048,rs2370234,,,,,,,,,,,,,,,,
49,chr1,24978060,24978061,rs10794667_rs72657048,0.944263,rs72657048,rs10794667,,,,,,,,,,,,,,,,
50,chr1,24978622,24978623,rs6600247_rs72657048,0.944269,rs72657048,rs6600247,,,,,,,,,,,,,,,,
51,chr1,24978665,24978666,rs6600248_rs72657048,0.940334,rs72657048,rs6600248,,,,,,,,,,,,,,,,
52,chr1,24978668,24978669,rs6600249_rs72657048,0.940334,rs72657048,rs6600249,,,,,,,,,,,,,,,,
53,chr1,24978680,24978681,rs6600250_rs72657048,0.940334,rs72657048,rs6600250,,,,,,,,,,,,,,,,
54,chr1,113761185,113761186,rs6679677_rs6679677,1.0,rs6679677,rs6679677,chr1,113835001.0,114672500.0,5234.0,,,,,,,,,,,0.000280866,-1.02125
55,chr1,113834945,113834946,rs2476601_rs6679677,0.965242,rs6679677,rs2476601,chr1,113835001.0,114672500.0,5234.0,,,,,,,0.000280866,1.02125,0.22735,0.9206219415944406,0.000280866,1.02125
56,chr1,154319241,154319242,rs1685633_rs2481065,1.0,rs2481065,rs1685633,chr1,154930001.0,155022500.0,6063.0,,,,,,,0.00542117,-1.05361,0.882701,0.9993731168106772,,
57,chr1,154325897,154325898,rs1205591_rs2481065,1.0,rs2481065,rs1205591,,,,,,,,,,,,,,,,
58,chr1,154332533,154332534,rs1209264_rs2481065,1.0,rs2481065,rs1209264,,,,,,,,,,,,,,,,
59,chr1,154333642,154333643,rs72404668_rs2481065,1.0,rs2481065,rs72404668,,,,,,,,,,,,,,,,
60,chr1,154336450,154336451,rs11371032_rs2481065,0.979468,rs2481065,rs11371032,,,,,,,,,,,,,,,,
61,chr1,154339434,154339435,rs2481065_rs2481065,1.0,rs2481065,rs2481065,chr1,154937501.0,154977500.0,6064.0,0.00177191,-0.948681,0.534396,0.9352299144420092,,,,,,,,
62,chr1,154347714,154347715,rs148299382_rs2481065,0.97913,rs2481065,rs148299382,chr1,155322501.0,155860000.0,6113.0,,,,,,,,,,,0.000581818,1.4304
63,chr1,154375307,154375308,rs58548028_rs2481065,0.855254,rs2481065,rs58548028,,,,,,,,,,,,,,,,
64,chr1,154383024,154383025,rs72696301_rs2481065,0.865409,rs2481065,rs72696301,chr1,155322501.0,155860000.0,6113.0,,,,,,,,,,,5.13426e-05,1.64065
65,chr1,154386934,154386935,rs9651053_rs2481065,0.865409,rs2481065,rs9651053,chr1,155322501.0,155860000.0,6113.0,,,,,,,,,,,5.13426e-05,1.64065
66,chr1,154388015,154388016,rs9651036_rs2481065,0.865409,rs2481065,rs9651036,chr1,155322501.0,155860000.0,6113.0,,,,,,,,,,,5.13426e-05,1.64065
67,chr1,154388207,154388208,rs9651055_rs2481065,0.865409,rs2481065,rs9651055,chr1,155322501.0,155860000.0,6113.0,,,,,,,,,,,5.13426e-05,1.64065
68,chr1,154388352,154388353,rs71780903_rs2481065,0.865409,rs2481065,rs71780903,,,,,,,,,,,,,,,,
69,chr1,154388749,154388750,rs111920902_rs2481065,0.865409,rs2481065,rs111920902,chr1,155322501.0,155860000.0,6113.0,,,,,,,,,,,5.13426e-05,1.64065
70,chr1,154389311,154389312,rs12026876_rs2481065,0.865409,rs2481065,rs12026876,chr1,155322501.0,155860000.0,6113.0,,,,,,,,,,,5.13426e-05,1.64065
71,chr1,154390660,154390661,rs151220053_rs2481065,0.865409,rs2481065,rs151220053,chr1,155322501.0,155860000.0,6113.0,,,,,,,,,,,5.13426e-05,1.64065
72,chr1,154391663,154391664,rs11265608_rs2481065,0.865409,rs2481065,rs11265608,chr1,155322501.0,155860000.0,6113.0,,,,,,,,,,,5.13426e-05,1.64065
73,chr1,154393409,154393410,rs12033701_rs2481065,0.865409,rs2481065,rs12033701,chr1,155322501.0,155860000.0,6113.0,,,,,,,,,,,5.13426e-05,1.64065
74,chr1,154393517,154393518,rs199981854_rs2481065,0.835545,rs2481065,rs199981854,,,,,,,,,,,,,,,,
75,chr1,154393889,154393890,rs57553228_rs2481065,0.855254,rs2481065,rs57553228,,,,,,,,,,,,,,,,
76,chr1,154395277,154395278,rs113057497_rs2481065,0.865409,rs2481065,rs113057497,chr1,155322501.0,155860000.0,6113.0,,,,,,,,,,,5.13426e-05,1.64065
77,chr1,154395421,154395422,rs138582043_rs2481065,0.865409,rs2481065,rs138582043,chr1,155322501.0,155860000.0,6113.0,,,,,,,,,,,5.13426e-05,1.64065
78,chr1,154395618,154395619,rs111908494_rs2481065,0.865409,rs2481065,rs111908494,chr1,155322501.0,155860000.0,6113.0,,,,,,,,,,,5.13426e-05,1.64065
79,chr1,154395621,154395622,rs113639721_rs2481065,0.865409,rs2481065,rs113639721,chr1,155322501.0,155860000.0,6113.0,,,,,,,,,,,5.13426e-05,1.64065
80,chr1,154395747,154395748,rs144111494_rs2481065,0.865409,rs2481065,rs144111494,chr1,155322501.0,155860000.0,6113.0,,,,,,,,,,,5.13426e-05,1.64065
81,chr1,154397206,154397207,rs111810442_rs2481065,0.865409,rs2481065,rs111810442,chr1,155322501.0,155860000.0,6113.0,,,,,,,,,,,5.13426e-05,1.64065
82,chr1,154397504,154397505,rs73026617_rs2481065,0.865409,rs2481065,rs73026617,chr1,155322501.0,155860000.0,6113.0,,,,,,,,,,,5.13426e-05,1.64065
83,chr1,154406892,154406893,rs72698115_rs2481065,0.835044,rs2481065,rs72698115,chr1,155322501.0,155860000.0,6113.0,,,,,,,5.13426e-05,1.64065,0.040929,0.7871889133877705,5.13426e-05,1.64065
84,chr1,167445634,167445635,rs840012_rs840012,1.0,rs840012,rs840012,chr1,168345001.0,169712500.0,6742.0,,,,,,,0.00361184,-0.554751,0.984091,1.0,,
85,chr1,167445634,167445635,rs840012_rs840012,1.0,rs840012,rs840012,chr1,167935001.0,169895000.0,6697.0,,,,,,,,,,,0.000431287,-0.655977
86,chr1,167445634,167445635,rs840012_rs840012,1.0,rs840012,rs840012,chr1,168347501.0,169797500.0,6744.0,,,,,,,,,,,0.000338344,0.666145
87,chr1,167448646,167448647,rs2949669_rs840012,0.831001,rs840012,rs2949669,chr1,168347501.0,169797500.0,6744.0,,,,,,,,,,,0.000398362,0.649334
88,chr1,167449211,167449212,rs35014055_rs840012,0.827039,rs840012,rs35014055,chr1,168347501.0,169797500.0,6744.0,,,,,,,,,,,0.000398362,0.649334
89,chr1,167449230,167449231,rs34276574_rs840012,0.827039,rs840012,rs34276574,chr1,168347501.0,169797500.0,6744.0,,,,,,,,,,,0.000398362,0.649334
90,chr1,167451061,167451062,rs2056625_rs840012,0.823074,rs840012,rs2056625,chr1,168347501.0,169797500.0,6744.0,,,,,,,,,,,0.000398362,0.649334
91,chr1,167452713,167452714,rs1773561_rs840012,0.814996,rs840012,rs1773561,chr1,168347501.0,169797500.0,6744.0,,,,,,,,,,,0.000398362,0.649334
92,chr10,6056985,6056986,rs706778_rs706778,1.0,rs706778,rs706778,,,,,,,,,,,,,,,,
93,chr10,6064302,6064303,rs7072793_rs706778,0.907258,rs706778,rs7072793,,,,,,,,,,,,,,,,
94,chr10,6064588,6064589,rs7073236_rs706778,0.91134,rs706778,rs7073236,,,,,,,,,,,,,,,,
95,chr10,6064674,6064675,rs7096384_rs706778,0.91134,rs706778,rs7096384,,,,,,,,,,,,,,,,
96,chr10,6066376,6066377,rs10795791_rs706778,0.903369,rs706778,rs10795791,,,,,,,,,,,,,,,,
97,chr10,14304058,14304059,rs1218474_rs1717501,0.816032,rs1717501,rs1218474,chr10,14497501.0,14972500.0,57275.0,,,,,0.000233843,-0.884549,,,,,,
98,chr10,14304863,14304864,rs1218478_rs1717501,0.824321,rs1717501,rs1218478,chr10,14497501.0,14972500.0,57275.0,,,,,0.000233843,-0.884549,,,,,,
99,chr10,14304912,14304913,rs1218479_rs1717501,0.824321,rs1717501,rs1218479,chr10,14497501.0,14972500.0,57275.0,,,,,0.000233843,-0.884549,,,,,,
100,chr10,14305716,14305717,rs1218480_rs1717501,0.832532,rs1717501,rs1218480,chr10,14497501.0,14972500.0,57275.0,,,,,0.000233843,-0.884549,,,,,,
101,chr10,14305973,14305974,rs1238895_rs1717501,0.832532,rs1717501,rs1238895,chr10,14497501.0,14972500.0,57275.0,,,,,0.000233843,-0.884549,,,,,,
102,chr10,14305984,14305985,rs1238531_rs1717501,0.832532,rs1717501,rs1238531,chr10,14497501.0,14972500.0,57275.0,,,,,0.000233843,-0.884549,,,,,,
103,chr10,14306067,14306068,rs1218481_rs1717501,0.824242,rs1717501,rs1218481,chr10,14497501.0,14972500.0,57275.0,,,,,0.000233843,-0.884549,,,,,,
104,chr10,14306158,14306159,rs1218482_rs1717501,0.832532,rs1717501,rs1218482,chr10,14497501.0,14972500.0,57275.0,,,,,0.000233843,-0.884549,,,,,,
105,chr10,14309685,14309686,rs61836142_rs1717501,0.865666,rs1717501,rs61836142,,,,,,,,,,,,,,,,
106,chr10,14309806,14309807,rs61836143_rs1717501,0.907343,rs1717501,rs61836143,,,,,,,,,,,,,,,,
107,chr10,14310808,14310809,rs2480547_rs1717501,0.907345,rs1717501,rs2480547,,,,,,,,,,,,,,,,
108,chr10,14312670,14312671,rs1717500_rs1717501,1.0,rs1717501,rs1717500,,,,,,,,,,,,,,,,
109,chr10,14312673,14312674,rs1717501_rs1717501,1.0,rs1717501,rs1717501,,,,,,,,,,,,,,,,
110,chr10,14312898,14312899,rs1218415_rs1717501,0.983051,rs1717501,rs1218415,,,,,,,,,,,,,,,,
111,chr10,14313189,14313190,rs34896223_rs1717501,0.941368,rs1717501,rs34896223,,,,,,,,,,,,,,,,
112,chr10,14313283,14313284,rs1218416_rs1717501,0.89073,rs1717501,rs1218416,chr10,13160001.0,13350000.0,57172.0,,,,,0.000592069,-0.904745,,,,,,
113,chr10,14314948,14314949,rs11447715_rs1717501,0.859995,rs1717501,rs11447715,,,,,,,,,,,,,,,,
114,chr10,14317867,14317868,rs1228332_rs1717501,0.873944,rs1717501,rs1228332,chr10,13160001.0,13350000.0,57172.0,,,,,0.000592069,-0.904745,,,,,,
115,chr10,14318325,14318326,rs201038790_rs1717501,0.865577,rs1717501,rs201038790,,,,,,,,,,,,,,,,
116,chr10,14318326,14318327,rs1041341_rs1717501,0.865577,rs1717501,rs1041341,,,,,,,,,,,,,,,,
117,chr10,14318328,14318329,rs2400066_rs1717501,0.865577,rs1717501,rs2400066,chr10,13660001.0,14542500.0,57232.0,5.70403e-05,-0.999183,0.123684,0.8387175868610223,5.70403e-05,-0.999183,,,,,,
118,chr10,14318328,14318329,rs2400066_rs1717501,0.865577,rs1717501,rs2400066,chr10,14565001.0,14840000.0,57297.0,,,,,0.000919941,0.847514,,,,,,
119,chr10,14318328,14318329,rs2400066_rs1717501,0.865577,rs1717501,rs2400066,chr10,14567501.0,14840000.0,57300.0,,,,,0.000919941,0.847514,,,,,,
120,chr10,14320718,14320719,rs1218430_rs1717501,0.890548,rs1717501,rs1218430,,,,,,,,,,,,,,,,
121,chr10,14323113,14323114,rs1218436_rs1717501,0.809281,rs1717501,rs1218436,,,,,,,,,,,,,,,,
122,chr10,14324146,14324147,rs1218439_rs1717501,0.857329,rs1717501,rs1218439,,,,,,,,,,,,,,,,
123,chr10,88981857,88981858,rs7082101_rs7082720,1.0,rs7082720,rs7082101,,,,,,,,,,,,,,,,
124,chr10,88982197,88982198,rs7069841_rs7082720,1.0,rs7082720,rs7069841,,,,,,,,,,,,,,,,
125,chr10,88982291,88982292,rs7082720_rs7082720,1.0,rs7082720,rs7082720,,,,,,,,,,,,,,,,
126,chr10,88983439,88983440,rs7910660_rs7082720,1.0,rs7082720,rs7910660,,,,,,,,,,,,,,,,
127,chr10,88983583,88983584,rs7910825_rs7082720,1.0,rs7082720,rs7910825,,,,,,,,,,,,,,,,
128,chr10,88986602,88986603,rs1926201_rs7082720,0.987863,rs7082720,rs1926201,,,,,,,,,,,,,,,,
129,chr10,88986775,88986776,rs1926200_rs7082720,1.0,rs7082720,rs1926200,,,,,,,,,,,,,,,,
130,chr10,88986902,88986903,rs1926199_rs7082720,1.0,rs7082720,rs1926199,,,,,,,,,,,,,,,,
131,chr10,88987689,88987690,rs7914490_rs7082720,1.0,rs7082720,rs7914490,,,,,,,,,,,,,,,,
132,chr10,88988868,88988869,rs1926197_rs7082720,1.0,rs7082720,rs1926197,,,,,,,,,,,,,,,,
133,chr10,88990205,88990206,rs1800682_rs7082720,0.995955,rs7082720,rs1800682,,,,,,,,,,,,,,,,
134,chr10,88991758,88991759,rs1324551_rs7082720,0.850589,rs7082720,rs1324551,,,,,,,,,,,,,,,,
135,chr10,88992260,88992261,rs6586163_rs7082720,0.847177,rs7082720,rs6586163,,,,,,,,,,,,,,,,
136,chr10,88992273,88992274,rs6586164_rs7082720,0.847177,rs7082720,rs6586164,,,,,,,,,,,,,,,,
137,chr10,88992858,88992859,rs3824729_rs7082720,0.850589,rs7082720,rs3824729,,,,,,,,,,,,,,,,
138,chr10,88993280,88993281,rs10887877_rs7082720,0.850589,rs7082720,rs10887877,chr10,89332501.0,89392500.0,59916.0,,,,,,,0.00106349,0.680834,0.506709,0.9598388240803052,,
139,chr10,88993304,88993305,rs59583029_rs7082720,0.849691,rs7082720,rs59583029,,,,,,,,,,,,,,,,
140,chr10,88993502,88993503,rs7097572_rs7082720,0.850589,rs7082720,rs7097572,,,,,,,,,,,,,,,,
141,chr10,88993791,88993792,rs5786849_rs7082720,0.850589,rs7082720,rs5786849,,,,,,,,,,,,,,,,
142,chr10,88993990,88993991,rs1926196_rs7082720,0.850589,rs7082720,rs1926196,,,,,,,,,,,,,,,,
143,chr10,88994000,88994001,rs1926195_rs7082720,0.847178,rs7082720,rs1926195,,,,,,,,,,,,,,,,
144,chr10,88994849,88994850,rs7897395_rs7082720,0.850589,rs7082720,rs7897395,,,,,,,,,,,,,,,,
145,chr10,88995091,88995092,rs147126621_rs7082720,0.853681,rs7082720,rs147126621,,,,,,,,,,,,,,,,
146,chr10,88995151,88995152,rs7069061_rs7082720,0.850589,rs7082720,rs7069061,,,,,,,,,,,,,,,,
147,chr10,88995195,88995196,rs7072828_rs7082720,0.846259,rs7082720,rs7072828,,,,,,,,,,,,,,,,
148,chr10,88995298,88995299,rs6586165_rs7082720,0.850589,rs7082720,rs6586165,,,,,,,,,,,,,,,,
149,chr10,88996198,88996199,rs9658688_rs7082720,0.841947,rs7082720,rs9658688,,,,,,,,,,,,,,,,
150,chr10,88996307,88996308,rs6586166_rs7082720,0.846259,rs7082720,rs6586166,,,,,,,,,,,,,,,,
151,chr10,88996388,88996389,rs6586167_rs7082720,0.846259,rs7082720,rs6586167,,,,,,,,,,,,,,,,
152,chr11,110145793,110145794,rs661171_rs661171,1.0,rs661171,rs661171,,,,,,,,,,,,,,,,
153,chr11,110146303,110146304,rs648594_rs661171,0.806483,rs661171,rs648594,,,,,,,,,,,,,,,,
154,chr11,129737475,129737476,rs521786_rs521786,1.0,rs521786,rs521786,,,,,,,,,,,,,,,,
155,chr12,111388672,111388673,rs3062379_rs4766578,0.8669,rs4766578,rs3062379,,,,,,,,,,,,,,,,
156,chr12,111395983,111395984,rs10774624_rs4766578,0.863272,rs4766578,rs10774624,,,,,,,,,,,,,,,,
157,chr12,111427244,111427245,rs7310615_rs4766578,0.945375,rs4766578,rs7310615,chr12,112412501.0,113182500.0,70982.0,,,,,,,0.000521191,0.580918,0.307548,0.9361309618585713,0.000521191,0.580918
158,chr12,111446803,111446804,rs3184504_rs4766578,0.949451,rs4766578,rs3184504,chr12,112412501.0,113182500.0,70982.0,,,,,,,,,,,0.000764426,0.57806
159,chr12,111466566,111466567,rs4766578_rs4766578,1.0,rs4766578,rs4766578,,,,,,,,,,,,,,,,
160,chr12,111469626,111469627,rs35350651_rs4766578,1.0,rs4766578,rs35350651,,,,,,,,,,,,,,,,
161,chr12,111472414,111472415,rs10774625_rs4766578,1.0,rs4766578,rs10774625,chr12,111950001.0,111992500.0,70966.0,,,,,,,0.0012409,0.563684,0.242051,0.922803000635918,,
162,chr12,111494995,111494996,rs7137828_rs4766578,0.949451,rs4766578,rs7137828,chr12,112412501.0,113182500.0,70982.0,,,,,,,,,,,0.000764426,0.57806
163,chr12,111535553,111535554,rs597808_rs4766578,0.94132,rs4766578,rs597808,chr12,112412501.0,113182500.0,70982.0,,,,,,,,,,,0.000764426,0.57806
164,chr12,111569951,111569952,rs653178_rs4766578,0.941318,rs4766578,rs653178,chr12,112412501.0,113182500.0,70982.0,,,,,,,,,,,0.000764426,0.57806
165,chr12,111621752,111621753,rs11065979_rs4766578,0.851076,rs4766578,rs11065979,,,,,,,,,,,,,,,,
166,chr13,27099453,27099454,rs73155876_rs7320806,0.88286,rs7320806,rs73155876,,,,,,,,,,,,,,,,
167,chr13,27108784,27108785,rs73155886_rs7320806,0.891671,rs7320806,rs73155886,,,,,,,,,,,,,,,,
168,chr13,27110791,27110792,rs7320806_rs7320806,1.0,rs7320806,rs7320806,chr13,27920001.0,27975000.0,72294.0,0.0027411,-0.952462,0.884268,0.9882537832441676,,,,,,,,
169,chr13,42412535,42412536,rs71096574_rs12430303,0.820793,rs12430303,rs71096574,,,,,,,,,,,,,,,,
170,chr13,42414409,42414410,rs7328203_rs12430303,0.880102,rs12430303,rs7328203,chr13,42457501.0,42512500.0,72872.0,,,,,0.000855114,-0.633509,,,,,0.000836455,-0.705381
171,chr13,42414787,42414788,rs7327510_rs12430303,0.944486,rs12430303,rs7327510,chr13,43160001.0,43802500.0,72935.0,0.000985407,0.619675,0.581672,0.9435068953637296,0.000985407,0.619675,,,,,,
172,chr13,42414787,42414788,rs7327510_rs12430303,0.944486,rs12430303,rs7327510,chr13,42457501.0,42512500.0,72872.0,,,,,0.000320756,-0.670013,,,,,,
173,chr13,42415523,42415524,rs9594746_rs12430303,0.952381,rs12430303,rs9594746,chr13,42457501.0,42512500.0,72872.0,,,,,5.12025e-05,0.761063,,,,,,
174,chr13,42417319,42417320,rs67190063_rs12430303,0.984126,rs12430303,rs67190063,chr13,42457501.0,42512500.0,72872.0,,,,,7.64142e-05,0.745569,,,,,,
175,chr13,42417998,42417999,rs9525619_rs12430303,0.984126,rs12430303,rs9525619,chr13,42457501.0,42512500.0,72872.0,,,,,7.64142e-05,0.745569,,,,,,
176,chr13,42422411,42422412,rs9533100_rs12430303,0.984126,rs12430303,rs9533100,chr13,42457501.0,42512500.0,72872.0,,,,,7.64142e-05,0.745569,,,,,,
177,chr13,42424959,42424960,rs2181783_rs12430303,0.99601,rs12430303,rs2181783,chr13,42457501.0,42512500.0,72872.0,,,,,2.91192e-05,0.792778,,,,,,
178,chr13,42443758,42443759,rs9533104_rs12430303,0.988032,rs12430303,rs9533104,chr13,42457501.0,42512500.0,72872.0,,,,,2.91192e-05,0.792778,,,,,,
179,chr13,42443893,42443894,rs9525625_rs12430303,0.99601,rs12430303,rs9525625,chr13,42457501.0,42512500.0,72872.0,,,,,2.91192e-05,0.792778,,,,,,
180,chr13,42450573,42450574,rs9533108_rs12430303,0.988032,rs12430303,rs9533108,chr13,42457501.0,42512500.0,72872.0,,,,,2.91192e-05,0.792778,,,,,,
181,chr13,42452524,42452525,rs1830790_rs12430303,0.99601,rs12430303,rs1830790,chr13,42457501.0,42512500.0,72872.0,,,,,2.91192e-05,0.792778,,,,,,
182,chr13,42457890,42457891,rs12430303_rs12430303,1.0,rs12430303,rs12430303,chr13,42457501.0,42512500.0,72872.0,,,,,6.62851e-05,0.726017,,,,,,
183,chr13,42458456,42458457,rs9594759_rs12430303,0.934112,rs12430303,rs9594759,chr13,42457501.0,42512500.0,72872.0,,,,,0.000450345,0.690522,0.000427853,0.748183,0.27208,0.9313428867911784,0.000427853,0.748183
184,chr13,42458456,42458457,rs9594759_rs12430303,0.934112,rs12430303,rs9594759,chr13,42890001.0,43842500.0,72886.0,,,,,,,,,,,0.000977282,-0.702296
185,chr13,42460831,42460832,rs1853573_rs12430303,0.968485,rs12430303,rs1853573,chr13,42457501.0,42512500.0,72872.0,2.91192e-05,0.792778,0.0287413,0.6950476258595989,2.91192e-05,0.792778,,,,,,
186,chr13,42461018,42461019,rs71911751_rs12430303,0.968412,rs12430303,rs71911751,,,,,,,,,,,,,,,,
187,chr13,42462589,42462590,rs141252748_rs12430303,1.0,rs12430303,rs141252748,,,,,,,,,,,,,,,,
188,chr13,42463041,42463042,rs9594763_rs12430303,0.934112,rs12430303,rs9594763,chr13,42457501.0,42512500.0,72872.0,,,,,0.000450345,0.690522,,,,,0.000427853,0.748183
189,chr13,42463041,42463042,rs9594763_rs12430303,0.934112,rs12430303,rs9594763,chr13,42890001.0,43842500.0,72886.0,,,,,,,,,,,0.000977282,-0.702296
190,chr13,42463043,42463044,rs9594764_rs12430303,0.934112,rs12430303,rs9594764,chr13,42457501.0,42512500.0,72872.0,,,,,0.000450345,0.690522,,,,,0.000427853,0.748183
191,chr13,42463043,42463044,rs9594764_rs12430303,0.934112,rs12430303,rs9594764,chr13,42890001.0,43842500.0,72886.0,,,,,,,,,,,0.000977282,-0.702296
192,chr13,42463103,42463104,rs9533110_rs12430303,0.934112,rs12430303,rs9533110,chr13,42457501.0,42512500.0,72872.0,,,,,0.000450345,0.690522,,,,,0.000427853,0.748183
193,chr13,42463103,42463104,rs9533110_rs12430303,0.934112,rs12430303,rs9533110,chr13,42890001.0,43842500.0,72886.0,,,,,,,,,,,0.000977282,-0.702296
194,chr13,42464167,42464168,rs55868328_rs12430303,0.934112,rs12430303,rs55868328,chr13,42457501.0,42512500.0,72872.0,,,,,0.000450345,0.690522,,,,,0.000427853,0.748183
195,chr13,42464167,42464168,rs55868328_rs12430303,0.934112,rs12430303,rs55868328,chr13,42890001.0,43842500.0,72886.0,,,,,,,,,,,0.000977282,-0.702296
196,chr13,42465536,42465537,rs4512994_rs12430303,1.0,rs12430303,rs4512994,chr13,42457501.0,42512500.0,72872.0,,,,,2.91192e-05,0.792778,,,,,,
197,chr13,42465906,42465907,rs9594766_rs12430303,1.0,rs12430303,rs9594766,chr13,42457501.0,42512500.0,72872.0,,,,,2.91192e-05,0.792778,,,,,,
198,chr13,42468139,42468140,rs7331068_rs12430303,0.934112,rs12430303,rs7331068,chr13,42457501.0,42512500.0,72872.0,,,,,0.000450345,0.690522,,,,,0.000427853,0.748183
199,chr13,42468139,42468140,rs7331068_rs12430303,0.934112,rs12430303,rs7331068,chr13,42890001.0,43842500.0,72886.0,,,,,,,,,,,0.000977282,-0.702296
200,chr13,42469109,42469110,rs12428853_rs12430303,1.0,rs12430303,rs12428853,chr13,42457501.0,42512500.0,72872.0,,,,,2.91192e-05,0.792778,,,,,,
201,chr13,42469458,42469459,rs12428878_rs12430303,1.0,rs12430303,rs12428878,chr13,42457501.0,42512500.0,72872.0,,,,,2.91192e-05,0.792778,,,,,,
202,chr13,42470809,42470810,rs7990020_rs12430303,0.960749,rs12430303,rs7990020,chr13,42457501.0,42512500.0,72872.0,,,,,8.92439e-05,0.771331,,,,,,
203,chr13,42471899,42471900,rs2093816_rs12430303,0.96461,rs12430303,rs2093816,chr13,42457501.0,42512500.0,72872.0,,,,,8.92439e-05,0.771331,,,,,,
204,chr13,42473123,42473124,rs9533118_rs12430303,0.934112,rs12430303,rs9533118,chr13,42457501.0,42512500.0,72872.0,,,,,8.92439e-05,0.771331,,,,,,
205,chr13,42475345,42475346,rs9594768_rs12430303,1.0,rs12430303,rs9594768,chr13,42457501.0,42512500.0,72872.0,,,,,2.91192e-05,0.792778,,,,,,
206,chr13,42476143,42476144,rs34335227_rs12430303,1.0,rs12430303,rs34335227,chr13,42457501.0,42512500.0,72872.0,,,,,2.91192e-05,0.792778,,,,,,
207,chr13,42476298,42476299,rs78023934_rs12430303,1.0,rs12430303,rs78023934,,,,,,,,,,,,,,,,
208,chr13,42476317,42476318,rs79344245_rs12430303,0.872127,rs12430303,rs79344245,,,,,,,,,,,,,,,,
209,chr13,42476976,42476977,rs372271288_rs12430303,0.949439,rs12430303,rs372271288,,,,,,,,,,,,,,,,
210,chr13,42478743,42478744,rs2062305_rs12430303,1.0,rs12430303,rs2062305,chr13,42457501.0,42512500.0,72872.0,,,,,2.91192e-05,0.792778,,,,,,
211,chr13,42480865,42480866,rs9533122_rs12430303,1.0,rs12430303,rs9533122,chr13,42457501.0,42512500.0,72872.0,,,,,2.91192e-05,0.792778,,,,,,
212,chr14,68792688,68792689,rs11847049_rs1051533,1.0,rs1051533,rs11847049,chr14,67695001.0,68820000.0,76445.0,,,,,0.000906283,-0.78482,,,,,,
213,chr14,68792784,68792785,rs11851414_rs1051533,1.0,rs1051533,rs11851414,chr14,67695001.0,68820000.0,76445.0,,,,,0.000906283,-0.78482,,,,,,
214,chr14,68792944,68792945,rs1051533_rs1051533,1.0,rs1051533,rs1051533,chr14,67695001.0,68820000.0,76445.0,,,,,0.000906283,-0.78482,,,,,,
215,chr14,68793653,68793654,rs72731554_rs1051533,0.872419,rs1051533,rs72731554,chr14,67695001.0,68820000.0,76445.0,,,,,0.00024714,-0.863942,,,,,,
216,chr14,68798373,68798374,rs12147461_rs1051533,0.816663,rs1051533,rs12147461,chr14,67695001.0,68820000.0,76445.0,,,,,0.00024714,-0.863942,,,,,,
217,chr14,68800553,68800554,rs4902649_rs1051533,0.929563,rs1051533,rs4902649,chr14,67695001.0,68820000.0,76445.0,,,,,0.000906283,-0.78482,,,,,,
218,chr14,68801292,68801293,rs2164627_rs1051533,0.810462,rs1051533,rs2164627,chr14,67695001.0,68820000.0,76445.0,,,,,0.00024714,-0.863942,,,,,,
219,chr14,68805251,68805252,rs971290_rs1051533,0.923785,rs1051533,rs971290,chr14,67695001.0,68820000.0,76445.0,,,,,0.000906283,-0.78482,,,,,,
220,chr14,68813440,68813441,rs72731564_rs1051533,0.811159,rs1051533,rs72731564,chr14,67695001.0,68820000.0,76445.0,,,,,0.00024714,-0.863942,,,,,,
221,chr14,68814730,68814731,rs72731565_rs1051533,0.805669,rs1051533,rs72731565,chr14,67695001.0,68820000.0,76445.0,,,,,0.00024714,-0.863942,,,,,,
222,chr14,68815794,68815795,rs55885232_rs1051533,0.805669,rs1051533,rs55885232,chr14,67695001.0,68820000.0,76445.0,,,,,0.00024714,-0.863942,,,,,,
223,chr16,24322244,24322245,rs77011494_rs77011494,1.0,rs77011494,rs77011494,,,,,,,,,,,,,,,,
224,chr16,24342124,24342125,rs140747027_rs77011494,0.861357,rs77011494,rs140747027,,,,,,,,,,,,,,,,
225,chr16,28552824,28552825,rs11364090_rs497523,0.963327,rs497523,rs11364090,,,,,,,,,,,,,,,,
226,chr16,28566609,28566610,rs497523_rs497523,1.0,rs497523,rs497523,chr16,28322501.0,28750000.0,83303.0,,,,,0.000267814,-0.73294,,,,,,
227,chr16,28566609,28566610,rs497523_rs497523,1.0,rs497523,rs497523,chr16,28802501.0,28947500.0,83308.0,,,,,0.000158745,0.784621,,,,,,
228,chr16,28596295,28596296,rs193652_rs497523,0.828991,rs497523,rs193652,chr16,28322501.0,28750000.0,83303.0,,,,,0.000422908,-0.725889,,,,,,
229,chr16,58913873,58913874,rs9925672_rs7204355,0.816019,rs7204355,rs9925672,,,,,,,,,,,,,,,,
230,chr16,58914196,58914197,rs4609835_rs7204355,0.834403,rs7204355,rs4609835,,,,,,,,,,,,,,,,
231,chr16,58914425,58914426,rs4380045_rs7204355,0.834403,rs7204355,rs4380045,,,,,,,,,,,,,,,,
232,chr16,58914457,58914458,rs4404059_rs7204355,0.96229,rs7204355,rs4404059,,,,,,,,,,,,,,,,
233,chr16,58914879,58914880,rs28816799_rs7204355,0.834403,rs7204355,rs28816799,,,,,,,,,,,,,,,,
234,chr16,58915101,58915102,rs148577188_rs7204355,0.834403,rs7204355,rs148577188,,,,,,,,,,,,,,,,
235,chr16,58917566,58917567,rs9931544_rs7204355,0.840351,rs7204355,rs9931544,,,,,,,,,,,,,,,,
236,chr16,58917568,58917569,rs145694974_rs7204355,0.840351,rs7204355,rs145694974,,,,,,,,,,,,,,,,
237,chr16,58917572,58917573,rs9931546_rs7204355,0.840351,rs7204355,rs9931546,,,,,,,,,,,,,,,,
238,chr16,58917778,58917779,rs9931719_rs7204355,0.846924,rs7204355,rs9931719,,,,,,,,,,,,,,,,
239,chr16,58917789,58917790,rs7204355_rs7204355,1.0,rs7204355,rs7204355,,,,,,,,,,,,,,,,
240,chr16,58917907,58917908,rs7188665_rs7204355,1.0,rs7204355,rs7188665,,,,,,,,,,,,,,,,
241,chr16,58917990,58917991,rs7206083_rs7204355,0.846924,rs7204355,rs7206083,,,,,,,,,,,,,,,,
242,chr16,58918022,58918023,rs7188871_rs7204355,0.846924,rs7204355,rs7188871,,,,,,,,,,,,,,,,
243,chr16,58918142,58918143,rs7204939_rs7204355,0.846924,rs7204355,rs7204939,,,,,,,,,,,,,,,,
244,chr16,58918200,58918201,rs7205102_rs7204355,0.930986,rs7204355,rs7205102,,,,,,,,,,,,,,,,
245,chr16,58918525,58918526,rs9933811_rs7204355,1.0,rs7204355,rs9933811,,,,,,,,,,,,,,,,
246,chr16,58918639,58918640,rs9926787_rs7204355,0.846924,rs7204355,rs9926787,,,,,,,,,,,,,,,,
247,chr16,58918704,58918705,rs9924695_rs7204355,0.846924,rs7204355,rs9924695,,,,,,,,,,,,,,,,
248,chr16,58918723,58918724,rs9934006_rs7204355,0.846924,rs7204355,rs9934006,,,,,,,,,,,,,,,,
249,chr16,58919092,58919093,rs141124018_rs7204355,0.846924,rs7204355,rs141124018,,,,,,,,,,,,,,,,
250,chr16,58919182,58919183,rs143448141_rs7204355,0.846924,rs7204355,rs143448141,,,,,,,,,,,,,,,,
251,chr16,58919575,58919576,rs147997191_rs7204355,0.846924,rs7204355,rs147997191,,,,,,,,,,,,,,,,
252,chr16,58920031,58920032,rs9937778_rs7204355,0.822554,rs7204355,rs9937778,,,,,,,,,,,,,,,,
253,chr16,58925259,58925260,rs4784062_rs7204355,0.92524,rs7204355,rs4784062,,,,,,,,,,,,,,,,
254,chr16,58933614,58933615,rs12919033_rs7204355,0.804881,rs7204355,rs12919033,,,,,,,,,,,,,,,,
255,chr17,19542111,19542112,rs138815617_rs138815617,1.0,rs138815617,rs138815617,,,,,,,,,,,,,,,,
256,chr17,40140018,40140019,rs113171555_rs113171555,1.0,rs113171555,rs113171555,,,,,,,,,,,,,,,,
257,chr17,40157947,40157948,rs111484523_rs113171555,0.861011,rs113171555,rs111484523,,,,,,,,,,,,,,,,
258,chr18,8233560,8233561,rs6506561_rs6506561,1.0,rs6506561,rs6506561,,,,,,,,,,,,,,,,
259,chr18,8234429,8234430,rs12456999_rs6506561,1.0,rs6506561,rs12456999,,,,,,,,,,,,,,,,
260,chr18,8234737,8234738,rs34401396_rs6506561,0.995986,rs6506561,rs34401396,,,,,,,,,,,,,,,,
261,chr18,8235815,8235816,rs59690997_rs6506561,1.0,rs6506561,rs59690997,,,,,,,,,,,,,,,,
262,chr18,8235953,8235954,rs8095111_rs6506561,1.0,rs6506561,rs8095111,,,,,,,,,,,,,,,,
263,chr18,8236022,8236023,rs8094946_rs6506561,1.0,rs6506561,rs8094946,,,,,,,,,,,,,,,,
264,chr18,8236113,8236114,rs6506562_rs6506561,1.0,rs6506561,rs6506562,,,,,,,,,,,,,,,,
265,chr18,8236213,8236214,rs6506563_rs6506561,1.0,rs6506561,rs6506563,,,,,,,,,,,,,,,,
266,chr18,8237064,8237065,rs6506564_rs6506561,0.995986,rs6506561,rs6506564,,,,,,,,,,,,,,,,
267,chr18,8242319,8242320,rs12953765_rs6506561,0.800231,rs6506561,rs12953765,,,,,,,,,,,,,,,,
268,chr18,8242533,8242534,rs34816086_rs6506561,0.800231,rs6506561,rs34816086,,,,,,,,,,,,,,,,
269,chr18,8243514,8243515,rs4130758_rs6506561,0.800231,rs6506561,rs4130758,,,,,,,,,,,,,,,,
270,chr18,8244336,8244337,rs12962826_rs6506561,0.800231,rs6506561,rs12962826,,,,,,,,,,,,,,,,
271,chr18,8244876,8244877,rs12965296_rs6506561,0.800231,rs6506561,rs12965296,,,,,,,,,,,,,,,,
272,chr18,12770851,12770852,rs9960807_rs9960807,1.0,rs9960807,rs9960807,chr18,11907501.0,12705000.0,90020.0,,,,,,,,,,,0.00043535,1.03056
273,chr18,12889217,12889218,rs2222138_rs2222138,1.0,rs2222138,rs2222138,,,,,,,,,,,,,,,,
274,chr19,10317044,10317045,rs74956615_rs34536443,0.832871,rs34536443,rs74956615,,,,,,,,,,,,,,,,
275,chr19,10352441,10352442,rs34536443_rs34536443,1.0,rs34536443,rs34536443,,,,,,,,,,,,,,,,
276,chr19,10381597,10381598,rs144309607_rs34536443,0.804942,rs34536443,rs144309607,,,,,,,,,,,,,,,,
277,chr2,100128941,100128942,rs2164712_rs11692867,0.925338,rs11692867,rs2164712,chr2,99335001.0,101002500.0,13843.0,,,,,,,,,,,0.00079184,0.678476
278,chr2,100129932,100129933,rs2118280_rs11692867,0.929356,rs11692867,rs2118280,chr2,99335001.0,101002500.0,13843.0,,,,,,,,,,,0.000462417,0.722571
279,chr2,100138534,100138535,rs11681227_rs11692867,1.0,rs11692867,rs11681227,chr2,99335001.0,101002500.0,13843.0,,,,,,,,,,,0.000360501,0.704273
280,chr2,100139546,100139547,rs13032454_rs11692867,1.0,rs11692867,rs13032454,chr2,99335001.0,101002500.0,13843.0,,,,,,,,,,,0.000360501,0.704273
281,chr2,100140085,100140086,rs12712064_rs11692867,1.0,rs11692867,rs12712064,chr2,99335001.0,101002500.0,13843.0,,,,,,,,,,,0.000360501,0.704273
282,chr2,100140817,100140818,rs4851252_rs11692867,1.0,rs11692867,rs4851252,chr2,99335001.0,101002500.0,13843.0,,,,,,,,,,,0.000360501,0.704273
283,chr2,100140977,100140978,rs70940197_rs11692867,0.970815,rs11692867,rs70940197,,,,,,,,,,,,,,,,
284,chr2,100141674,100141675,rs11123809_rs11692867,0.950944,rs11692867,rs11123809,chr2,99335001.0,101002500.0,13843.0,,,,,,,,,,,0.00079184,0.678476
285,chr2,100142246,100142247,rs11900482_rs11692867,1.0,rs11692867,rs11900482,chr2,99335001.0,101002500.0,13843.0,,,,,,,,,,,0.000360501,0.704273
286,chr2,100142615,100142616,rs13003982_rs11692867,0.995791,rs11692867,rs13003982,chr2,99335001.0,101002500.0,13843.0,,,,,,,,,,,0.000360501,0.704273
287,chr2,100142822,100142823,rs11123810_rs11692867,1.0,rs11692867,rs11123810,chr2,99335001.0,101002500.0,13843.0,,,,,,,,,,,0.000360501,0.704273
288,chr2,100142994,100142995,rs11681966_rs11692867,1.0,rs11692867,rs11681966,chr2,99335001.0,101002500.0,13843.0,,,,,,,,,,,0.000360501,0.704273
289,chr2,100143014,100143015,rs11692867_rs11692867,1.0,rs11692867,rs11692867,chr2,99335001.0,101002500.0,13843.0,,,,,,,,,,,0.000360501,0.704273
290,chr2,100144685,100144686,rs12987209_rs11692867,0.995795,rs11692867,rs12987209,chr2,99335001.0,101002500.0,13843.0,,,,,,,,,,,0.000360501,0.704273
291,chr2,100144693,100144694,rs12987212_rs11692867,0.995795,rs11692867,rs12987212,chr2,99335001.0,101002500.0,13843.0,,,,,,,,,,,0.000360501,0.704273
292,chr2,100145010,100145011,rs11690905_rs11692867,0.995791,rs11692867,rs11690905,,,,,,,,,,,,,,,,
293,chr2,100145085,100145086,rs11123812_rs11692867,0.991595,rs11692867,rs11123812,chr2,99335001.0,101002500.0,13843.0,,,,,,,,,,,0.000360501,0.704273
294,chr2,100145752,100145753,rs368755101_rs11692867,0.974789,rs11692867,rs368755101,,,,,,,,,,,,,,,,
295,chr2,100145987,100145988,rs66733041_rs11692867,0.983174,rs11692867,rs66733041,,,,,,,,,,,,,,,,
296,chr2,100146236,100146237,rs4850921_rs11692867,0.983174,rs11692867,rs4850921,chr2,99335001.0,101002500.0,13843.0,,,,,,,,,,,0.000360501,0.704273
297,chr2,100146323,100146324,rs4851253_rs11692867,0.938384,rs11692867,rs4851253,chr2,99335001.0,101002500.0,13843.0,,,,,,,,,,,0.00079184,0.678476
298,chr2,100147437,100147438,rs12712067_rs11692867,0.991595,rs11692867,rs12712067,chr2,99335001.0,101002500.0,13843.0,,,,,,,,,,,0.000360501,0.704273
299,chr2,100147541,100147542,rs13415465_rs11692867,0.987373,rs11692867,rs13415465,chr2,99335001.0,101002500.0,13843.0,,,,,,,,,,,0.000360501,0.704273
300,chr2,100147624,100147625,rs13415583_rs11692867,0.987373,rs11692867,rs13415583,chr2,99335001.0,101002500.0,13843.0,,,,,,,,,,,0.000360501,0.704273
301,chr2,100147662,100147663,rs10496344_rs11692867,0.987373,rs11692867,rs10496344,chr2,99335001.0,101002500.0,13843.0,,,,,,,,,,,0.000360501,0.704273
302,chr2,100147976,100147977,rs12712068_rs11692867,0.987373,rs11692867,rs12712068,chr2,99335001.0,101002500.0,13843.0,,,,,,,,,,,0.000360501,0.704273
303,chr2,100148248,100148249,rs1821826_rs11692867,0.970706,rs11692867,rs1821826,chr2,99335001.0,101002500.0,13843.0,,,,,,,,,,,0.000360501,0.704273
304,chr2,100148254,100148255,rs1821827_rs11692867,0.970706,rs11692867,rs1821827,chr2,99335001.0,101002500.0,13843.0,,,,,,,,,,,0.000360501,0.704273
305,chr2,100148361,100148362,rs1370353_rs11692867,0.970706,rs11692867,rs1370353,chr2,99335001.0,101002500.0,13843.0,,,,,,,,,,,0.000360501,0.704273
306,chr2,100148614,100148615,rs2009094_rs11692867,0.970706,rs11692867,rs2009094,chr2,99335001.0,101002500.0,13843.0,,,,,,,,,,,0.000360501,0.704273
307,chr2,100148618,100148619,rs2009095_rs11692867,0.970706,rs11692867,rs2009095,chr2,99335001.0,101002500.0,13843.0,,,,,,,,,,,0.000360501,0.704273
308,chr2,100149229,100149230,rs11123813_rs11692867,0.970706,rs11692867,rs11123813,chr2,99335001.0,101002500.0,13843.0,,,,,,,,,,,0.000360501,0.704273
309,chr2,100149790,100149791,rs11899489_rs11692867,0.970706,rs11692867,rs11899489,chr2,99335001.0,101002500.0,13843.0,,,,,,,,,,,0.000360501,0.704273
310,chr2,100150248,100150249,rs4490209_rs11692867,0.970706,rs11692867,rs4490209,chr2,99335001.0,101002500.0,13843.0,,,,,,,,,,,0.000360501,0.704273
311,chr2,100150619,100150620,rs11123814_rs11692867,0.970706,rs11692867,rs11123814,chr2,99335001.0,101002500.0,13843.0,,,,,,,,,,,0.000360501,0.704273
312,chr2,100150769,100150770,rs6707067_rs11692867,0.926599,rs11692867,rs6707067,chr2,99335001.0,101002500.0,13843.0,,,,,,,,,,,0.00079184,0.678476
313,chr2,100151423,100151424,rs12992234_rs11692867,0.926599,rs11692867,rs12992234,chr2,99335001.0,101002500.0,13843.0,,,,,,,,,,,0.00079184,0.678476
314,chr2,100151778,100151779,rs7606455_rs11692867,0.922709,rs11692867,rs7606455,chr2,99335001.0,101002500.0,13843.0,,,,,,,,,,,0.00079184,0.678476
315,chr2,100152416,100152417,rs4452166_rs11692867,0.922709,rs11692867,rs4452166,chr2,99335001.0,101002500.0,13843.0,,,,,,,,,,,0.00079184,0.678476
316,chr2,100152798,100152799,rs4300851_rs11692867,0.970706,rs11692867,rs4300851,chr2,99335001.0,101002500.0,13843.0,,,,,,,,,,,0.000360501,0.704273
317,chr2,100154208,100154209,rs138706773_rs11692867,0.970706,rs11692867,rs138706773,chr2,99335001.0,101002500.0,13843.0,,,,,,,,,,,0.000360501,0.704273
318,chr2,100155278,100155279,rs183605557_rs11692867,0.970706,rs11692867,rs183605557,chr2,99335001.0,101002500.0,13843.0,,,,,,,,,,,0.000360501,0.704273
319,chr2,100155391,100155392,rs4851255_rs11692867,0.970706,rs11692867,rs4851255,chr2,99335001.0,101002500.0,13843.0,,,,,,,,,,,0.000360501,0.704273
320,chr2,100155650,100155651,rs4273243_rs11692867,0.970706,rs11692867,rs4273243,chr2,99335001.0,101002500.0,13843.0,,,,,,,,,,,0.000360501,0.704273
321,chr2,100156766,100156767,rs9679706_rs11692867,0.970706,rs11692867,rs9679706,chr2,99335001.0,101002500.0,13843.0,,,,,,,,,,,0.000360501,0.704273
322,chr2,100156840,100156841,rs9679713_rs11692867,0.926599,rs11692867,rs9679713,chr2,99335001.0,101002500.0,13843.0,,,,,,,,,,,0.00079184,0.678476
323,chr2,100157146,100157147,rs4499444_rs11692867,0.970706,rs11692867,rs4499444,chr2,99335001.0,101002500.0,13843.0,,,,,,,,,,,0.000360501,0.704273
324,chr2,100158310,100158311,rs7565895_rs11692867,0.962502,rs11692867,rs7565895,chr2,99335001.0,101002500.0,13843.0,,,,,,,,,,,0.000360501,0.704273
325,chr2,100158582,100158583,rs4851256_rs11692867,0.91884,rs11692867,rs4851256,chr2,99335001.0,101002500.0,13843.0,,,,,,,,,,,0.00079184,0.678476
326,chr2,100158834,100158835,rs4851257_rs11692867,0.966593,rs11692867,rs4851257,chr2,99335001.0,101002500.0,13843.0,,,,,,,,,,,0.000360501,0.704273
327,chr2,100158922,100158923,rs142528524_rs11692867,0.966593,rs11692867,rs142528524,,,,,,,,,,,,,,,,
328,chr2,100158959,100158960,rs2164711_rs11692867,0.958148,rs11692867,rs2164711,chr2,99335001.0,101002500.0,13843.0,,,,,,,,,,,0.000576435,0.670807
329,chr2,100159457,100159458,rs2309753_rs11692867,0.966552,rs11692867,rs2309753,chr2,99335001.0,101002500.0,13843.0,,,,,,,,,,,0.000360501,0.704273
330,chr2,100160131,100160132,rs10168615_rs11692867,0.91884,rs11692867,rs10168615,,,,,,,,,,,,,,,,
331,chr2,100163286,100163287,rs2309755_rs11692867,0.92271,rs11692867,rs2309755,chr2,99335001.0,101002500.0,13843.0,,,,,,,,,,,0.00079184,0.678476
332,chr2,100163806,100163807,rs2309756_rs11692867,0.966593,rs11692867,rs2309756,chr2,99335001.0,101002500.0,13843.0,,,,,,,,,,,0.000360501,0.704273
333,chr2,100164367,100164368,rs4851258_rs11692867,0.966593,rs11692867,rs4851258,chr2,99335001.0,101002500.0,13843.0,,,,,,,,,,,0.000360501,0.704273
334,chr2,100164548,100164549,rs4851259_rs11692867,0.966593,rs11692867,rs4851259,chr2,99335001.0,101002500.0,13843.0,,,,,,,,,,,0.000360501,0.704273
335,chr2,100164669,100164670,rs4851260_rs11692867,0.92271,rs11692867,rs4851260,chr2,99335001.0,101002500.0,13843.0,,,,,,,,,,,0.00079184,0.678476
336,chr2,100164776,100164777,rs12712070_rs11692867,0.966593,rs11692867,rs12712070,chr2,99335001.0,101002500.0,13843.0,,,,,,,,,,,0.000360501,0.704273
337,chr2,100165103,100165104,rs6729966_rs11692867,0.91884,rs11692867,rs6729966,chr2,99335001.0,101002500.0,13843.0,,,,,,,,,,,0.00079184,0.678476
338,chr2,100165149,100165150,rs6715254_rs11692867,0.91884,rs11692867,rs6715254,chr2,99335001.0,101002500.0,13843.0,,,,,,,,,,,0.00079184,0.678476
339,chr2,100165183,100165184,rs6542915_rs11692867,0.966593,rs11692867,rs6542915,chr2,99335001.0,101002500.0,13843.0,,,,,,,,,,,0.000360501,0.704273
340,chr2,100165793,100165794,rs4850923_rs11692867,0.971017,rs11692867,rs4850923,chr2,99335001.0,101002500.0,13843.0,,,,,,,,,,,0.000360501,0.704273
341,chr2,100165810,100165811,rs4850924_rs11692867,0.927517,rs11692867,rs4850924,chr2,99335001.0,101002500.0,13843.0,,,,,,,,,,,0.00079184,0.678476
342,chr2,100166364,100166365,rs10176782_rs11692867,0.966593,rs11692867,rs10176782,chr2,99335001.0,101002500.0,13843.0,,,,,,,,,,,0.000360501,0.704273
343,chr2,100167727,100167728,rs13013594_rs11692867,0.966593,rs11692867,rs13013594,chr2,99335001.0,101002500.0,13843.0,,,,,,,,,,,0.000360501,0.704273
344,chr2,100168793,100168794,rs145917030_rs11692867,0.945574,rs11692867,rs145917030,,,,,,,,,,,,,,,,
345,chr2,100170254,100170255,rs4851261_rs11692867,0.966593,rs11692867,rs4851261,chr2,99335001.0,101002500.0,13843.0,,,,,,,,,,,0.000360501,0.704273
346,chr2,100171172,100171173,rs10175599_rs11692867,0.91884,rs11692867,rs10175599,chr2,99335001.0,101002500.0,13843.0,,,,,,,,,,,0.00079184,0.678476
347,chr2,100172014,100172015,rs113619114_rs11692867,0.962363,rs11692867,rs113619114,,,,,,,,,,,,,,,,
348,chr2,100172883,100172884,rs11687586_rs11692867,0.92271,rs11692867,rs11687586,chr2,99335001.0,101002500.0,13843.0,,,,,,,,,,,0.00079184,0.678476
349,chr2,100173027,100173028,rs7601892_rs11692867,0.92271,rs11692867,rs7601892,chr2,99335001.0,101002500.0,13843.0,,,,,,,,,,,0.00079184,0.678476
350,chr2,100173414,100173415,rs7590378_rs11692867,0.92271,rs11692867,rs7590378,chr2,99335001.0,101002500.0,13843.0,,,,,,,,,,,0.00079184,0.678476
351,chr2,100173444,100173445,rs7593261_rs11692867,0.92271,rs11692867,rs7593261,chr2,99335001.0,101002500.0,13843.0,,,,,,,,,,,0.00079184,0.678476
352,chr2,100173709,100173710,rs10185059_rs11692867,0.966593,rs11692867,rs10185059,chr2,99335001.0,101002500.0,13843.0,,,,,,,,,,,0.000360501,0.704273
353,chr2,100174118,100174119,rs10185510_rs11692867,0.966593,rs11692867,rs10185510,chr2,99335001.0,101002500.0,13843.0,,,,,,,,,,,0.000360501,0.704273
354,chr2,100174320,100174321,rs10197987_rs11692867,0.92271,rs11692867,rs10197987,chr2,99335001.0,101002500.0,13843.0,,,,,,,,,,,0.00079184,0.678476
355,chr2,100176878,100176879,rs66739067_rs11692867,0.966593,rs11692867,rs66739067,,,,,,,,,,,,,,,,
356,chr2,100177413,100177414,rs12712071_rs11692867,0.966593,rs11692867,rs12712071,chr2,99335001.0,101002500.0,13843.0,,,,,,,,,,,0.000360501,0.704273
357,chr2,100177939,100177940,rs11891046_rs11692867,0.9266,rs11692867,rs11891046,chr2,99335001.0,101002500.0,13843.0,,,,,,,,,,,0.00079184,0.678476
358,chr2,100178477,100178478,rs56054309_rs11692867,0.9266,rs11692867,rs56054309,chr2,99335001.0,101002500.0,13843.0,,,,,,,,,,,0.00079184,0.678476
359,chr2,100178744,100178745,rs11902705_rs11692867,0.9266,rs11692867,rs11902705,chr2,99335001.0,101002500.0,13843.0,,,,,,,,,,,0.00079184,0.678476
360,chr2,100179463,100179464,rs13005282_rs11692867,0.966593,rs11692867,rs13005282,chr2,99585001.0,100245000.0,13867.0,0.000978497,-0.546434,0.405748,0.9130795103437548,0.000978497,-0.546434,,,,,,
361,chr2,100179463,100179464,rs13005282_rs11692867,0.966593,rs11692867,rs13005282,chr2,99627501.0,100400000.0,13874.0,,,,,,,,,,,0.000325131,-0.65402
362,chr2,190398035,190398036,rs6434390_rs6434390,1.0,rs6434390,rs6434390,chr2,189442501.0,190652500.0,16820.0,0.0024502,-0.54053,0.771389,0.9721450531762894,,,,,,,,
363,chr2,190398198,190398199,rs10202630_rs6434390,0.988065,rs6434390,rs10202630,,,,,,,,,,,,,,,,
364,chr2,190398201,190398202,rs10166391_rs6434390,0.988065,rs6434390,rs10166391,,,,,,,,,,,,,,,,
365,chr2,191079015,191079016,rs11889341_rs11889341,1.0,rs11889341,rs11889341,chr2,189782501.0,190650000.0,16860.0,,,,,,,0.000907983,-0.767319,0.39703,0.9466691218627868,0.000907983,-0.767319
366,chr2,191079015,191079016,rs11889341_rs11889341,1.0,rs11889341,rs11889341,chr2,189762501.0,190652500.0,16854.0,,,,,,,,,,,0.000390283,-0.812902
367,chr2,191090462,191090463,rs141442738_rs11889341,0.972417,rs11889341,rs141442738,,,,,,,,,,,,,,,,
368,chr2,191093929,191093930,rs4274624_rs11889341,0.983308,rs11889341,rs4274624,chr2,189762501.0,190652500.0,16854.0,,,,,,,,,,,0.000390283,0.812902
369,chr2,191093929,191093930,rs4274624_rs11889341,0.983308,rs11889341,rs4274624,chr2,189782501.0,190650000.0,16860.0,,,,,,,,,,,0.000907983,0.767319
370,chr2,191094762,191094763,rs4853458_rs11889341,0.988824,rs11889341,rs4853458,chr2,189762501.0,190652500.0,16854.0,,,,,,,,,,,0.000390283,0.812902
371,chr2,191094762,191094763,rs4853458_rs11889341,0.988824,rs11889341,rs4853458,chr2,189782501.0,190650000.0,16860.0,,,,,,,,,,,0.000907983,0.767319
372,chr2,191095382,191095383,rs139605600_rs11889341,0.945984,rs11889341,rs139605600,chr2,189762501.0,190652500.0,16854.0,,,,,,,0.000129285,0.869978,0.0823849,0.8607160410005157,0.000129285,0.869978
373,chr2,191097369,191097370,rs4853459_rs11889341,0.945984,rs11889341,rs4853459,chr2,189762501.0,190652500.0,16854.0,,,,,,,,,,,0.000129285,0.869978
374,chr2,191097913,191097914,rs71030323_rs11889341,0.863803,rs11889341,rs71030323,,,,,,,,,,,,,,,,
375,chr2,191099906,191099907,rs7574865_rs11889341,0.983174,rs11889341,rs7574865,chr2,189762501.0,190652500.0,16854.0,,,,,,,,,,,0.000390283,0.812902
376,chr2,191099906,191099907,rs7574865_rs11889341,0.983174,rs11889341,rs7574865,chr2,189782501.0,190650000.0,16860.0,,,,,,,,,,,0.000907983,0.767319
377,chr2,191101725,191101726,rs7568275_rs11889341,0.983308,rs11889341,rs7568275,chr2,189762501.0,190652500.0,16854.0,,,,,,,,,,,0.000390283,0.812902
378,chr2,191101725,191101726,rs7568275_rs11889341,0.983308,rs11889341,rs7568275,chr2,189782501.0,190650000.0,16860.0,,,,,,,,,,,0.000907983,0.767319
379,chr2,191104614,191104615,rs8179673_rs11889341,0.967041,rs11889341,rs8179673,chr2,189762501.0,190652500.0,16854.0,,,,,,,,,,,0.000390283,0.812902
380,chr2,191104614,191104615,rs8179673_rs11889341,0.967041,rs11889341,rs8179673,chr2,189782501.0,190650000.0,16860.0,,,,,,,,,,,0.000907983,0.767319
381,chr2,191105152,191105153,rs10181656_rs11889341,0.972417,rs11889341,rs10181656,chr2,189762501.0,190652500.0,16854.0,,,,,,,,,,,0.000390283,0.812902
382,chr2,191105152,191105153,rs10181656_rs11889341,0.972417,rs11889341,rs10181656,chr2,189782501.0,190650000.0,16860.0,,,,,,,,,,,0.000907983,0.767319
383,chr2,191105393,191105394,rs7582694_rs11889341,0.972417,rs11889341,rs7582694,chr2,189762501.0,190652500.0,16854.0,,,,,,,,,,,0.000390283,0.812902
384,chr2,191105393,191105394,rs7582694_rs11889341,0.972417,rs11889341,rs7582694,chr2,189782501.0,190650000.0,16860.0,,,,,,,,,,,0.000907983,0.767319
385,chr2,191108307,191108308,rs10174238_rs11889341,0.86746,rs11889341,rs10174238,chr2,189762501.0,190652500.0,16854.0,,,,,,,,,,,0.000390283,0.812902
386,chr2,191108307,191108308,rs10174238_rs11889341,0.86746,rs11889341,rs10174238,chr2,189782501.0,190650000.0,16860.0,,,,,,,,,,,0.000907983,0.767319
387,chr2,213220454,213220455,rs2371887_rs2371887,1.0,rs2371887,rs2371887,,,,,,,,,,,,,,,,
388,chr21,42738340,42738341,rs58923164_rs58923164,1.0,rs58923164,rs58923164,,,,,,,,,,,,,,,,
389,chr3,33040005,33040006,rs34547154_rs34173901,0.815144,rs34173901,rs34547154,,,,,,,,,,,,,,,,
390,chr3,33045707,33045708,rs6780220_rs34173901,0.923933,rs34173901,rs6780220,,,,,,,,,,,,,,,,
391,chr3,33045855,33045856,rs34840292_rs34173901,0.949018,rs34173901,rs34840292,,,,,,,,,,,,,,,,
392,chr3,33045902,33045903,rs35480293_rs34173901,0.949018,rs34173901,rs35480293,,,,,,,,,,,,,,,,
393,chr3,33046349,33046350,rs35000357_rs34173901,0.957467,rs34173901,rs35000357,chr3,32570001.0,32685000.0,20197.0,,,,,,,0.000477819,-1.1168,0.33138,0.938756385342462,0.000477819,-1.1168
394,chr3,33046421,33046422,rs34173901_rs34173901,1.0,rs34173901,rs34173901,,,,,,,,,,,,,,,,
395,chr3,33052135,33052136,rs6550200_rs34173901,0.869823,rs34173901,rs6550200,,,,,,,,,,,,,,,,
396,chr3,45889512,45889513,rs80136777_rs80136777,1.0,rs80136777,rs80136777,,,,,,,,,,,,,,,,
397,chr3,45902102,45902103,rs17765088_rs80136777,0.972111,rs80136777,rs17765088,,,,,,,,,,,,,,,,
398,chr3,46115661,46115662,rs79837477_rs80136777,0.863623,rs80136777,rs79837477,,,,,,,,,,,,,,,,
399,chr3,46141687,46141688,rs75719572_rs79815064,0.843128,rs79815064,rs75719572,,,,,,,,,,,,,,,,
400,chr3,46152406,46152407,rs112720180_rs79815064,0.843128,rs79815064,rs112720180,,,,,,,,,,,,,,,,
401,chr3,46152409,46152410,rs112338830_rs79815064,0.843128,rs79815064,rs112338830,chr3,46920001.0,47327500.0,20863.0,0.00686756,0.69809,0.828025,0.9807656279782084,,,,,,,,
402,chr3,46234078,46234079,rs58697594_rs79815064,0.814487,rs79815064,rs58697594,,,,,,,,,,,,,,,,
403,chr3,46234998,46234999,rs73833032_rs79815064,0.859106,rs79815064,rs73833032,,,,,,,,,,,,,,,,
404,chr3,46235510,46235511,rs73833033_rs79815064,0.859106,rs79815064,rs73833033,,,,,,,,,,,,,,,,
405,chr3,46236085,46236086,rs79815064_rs79815064,1.0,rs79815064,rs79815064,,,,,,,,,,,,,,,,
406,chr3,46238441,46238442,rs74433128_rs79815064,0.889017,rs79815064,rs74433128,,,,,,,,,,,,,,,,
407,chr3,46239969,46239970,rs76733709_rs79815064,0.889017,rs79815064,rs76733709,,,,,,,,,,,,,,,,
408,chr3,46244554,46244555,rs113676185_rs79815064,0.889017,rs79815064,rs113676185,,,,,,,,,,,,,,,,
409,chr3,46246159,46246160,rs60020651_rs79815064,0.866419,rs79815064,rs60020651,,,,,,,,,,,,,,,,
410,chr3,46249275,46249276,rs146309725_rs79815064,0.866419,rs79815064,rs146309725,,,,,,,,,,,,,,,,
411,chr3,46251578,46251579,rs145617407_rs79815064,0.889017,rs79815064,rs145617407,,,,,,,,,,,,,,,,
412,chr3,46259371,46259372,rs75994669_rs79815064,0.889017,rs79815064,rs75994669,,,,,,,,,,,,,,,,
413,chr3,46261446,46261447,rs79539493_rs79815064,0.879423,rs79815064,rs79539493,,,,,,,,,,,,,,,,
414,chr3,46275862,46275863,rs138814707_rs79815064,0.879423,rs79815064,rs138814707,,,,,,,,,,,,,,,,
415,chr3,46282187,46282188,rs78372062_rs79815064,0.879423,rs79815064,rs78372062,,,,,,,,,,,,,,,,
416,chr3,46297693,46297694,rs78729754_rs79815064,0.871775,rs79815064,rs78729754,,,,,,,,,,,,,,,,
417,chr3,46298793,46298794,rs80054040_rs79815064,0.871775,rs79815064,rs80054040,,,,,,,,,,,,,,,,
418,chr3,46299138,46299139,rs79629761_rs79815064,0.871775,rs79815064,rs79629761,,,,,,,,,,,,,,,,
419,chr3,46303659,46303660,rs75352297_rs79815064,0.871775,rs79815064,rs75352297,,,,,,,,,,,,,,,,
420,chr3,46303849,46303850,rs368945717_rs79815064,0.871775,rs79815064,rs368945717,,,,,,,,,,,,,,,,
421,chr3,46309224,46309225,rs57093591_rs79815064,0.871775,rs79815064,rs57093591,,,,,,,,,,,,,,,,
422,chr3,46316330,46316331,rs113507038_rs79815064,0.871775,rs79815064,rs113507038,,,,,,,,,,,,,,,,
423,chr3,46318867,46318868,rs112384491_rs79815064,0.871775,rs79815064,rs112384491,,,,,,,,,,,,,,,,
424,chr3,46325365,46325366,rs113647051_rs79815064,0.871775,rs79815064,rs113647051,,,,,,,,,,,,,,,,
425,chr3,46342712,46342713,rs113341849_rs79815064,0.88747,rs79815064,rs113341849,,,,,,,,,,,,,,,,
426,chr3,46347970,46347971,rs112088397_rs79815064,0.86424,rs79815064,rs112088397,,,,,,,,,,,,,,,,
427,chr3,46358570,46358571,rs3092960_rs79815064,0.86424,rs79815064,rs3092960,,,,,,,,,,,,,,,,
428,chr3,46361196,46361197,rs762790_rs79815064,0.856819,rs79815064,rs762790,,,,,,,,,,,,,,,,
429,chr3,46367621,46367622,rs3136535_rs79815064,0.856819,rs79815064,rs3136535,,,,,,,,,,,,,,,,
430,chr3,46368645,46368646,rs41490645_rs79815064,0.854664,rs79815064,rs41490645,,,,,,,,,,,,,,,,
431,chr3,46370169,46370170,rs2856758_rs79815064,0.825633,rs79815064,rs2856758,,,,,,,,,,,,,,,,
432,chr3,46373451,46373452,rs333_rs79815064,0.878194,rs79815064,rs333,,,,,,,,,,,,,,,,
433,chr3,46384226,46384227,rs113263161_rs79815064,0.81609,rs79815064,rs113263161,,,,,,,,,,,,,,,,
434,chr3,46386343,46386344,rs6787972_rs79815064,0.81609,rs79815064,rs6787972,,,,,,,,,,,,,,,,
435,chr3,46386597,46386598,rs11298823_rs79815064,0.81609,rs79815064,rs11298823,,,,,,,,,,,,,,,,
436,chr3,46402439,46402440,rs6798291_rs79815064,0.81366,rs79815064,rs6798291,,,,,,,,,,,,,,,,
437,chr3,46403851,46403852,rs112903945_rs79815064,0.81366,rs79815064,rs112903945,,,,,,,,,,,,,,,,
438,chr3,46405229,46405230,rs11574428_rs79815064,0.81366,rs79815064,rs11574428,,,,,,,,,,,,,,,,
439,chr3,46405318,46405319,rs11574429_rs79815064,0.81366,rs79815064,rs11574429,,,,,,,,,,,,,,,,
440,chr3,46406423,46406424,rs11574434_rs79815064,0.81366,rs79815064,rs11574434,,,,,,,,,,,,,,,,
441,chr3,46406480,46406481,rs11574435_rs79815064,0.925432,rs79815064,rs11574435,,,,,,,,,,,,,,,,
442,chr3,46408580,46408581,rs6441977_rs79815064,0.81366,rs79815064,rs6441977,,,,,,,,,,,,,,,,
443,chr3,46409392,46409393,rs1140865_rs79815064,0.81366,rs79815064,rs1140865,,,,,,,,,,,,,,,,
444,chr3,46410010,46410011,rs2157061_rs79815064,0.81366,rs79815064,rs2157061,,,,,,,,,,,,,,,,
445,chr3,46410155,46410156,rs2157062_rs79815064,0.81366,rs79815064,rs2157062,,,,,,,,,,,,,,,,
446,chr3,46411371,46411372,rs6762266_rs79815064,0.81366,rs79815064,rs6762266,,,,,,,,,,,,,,,,
447,chr3,46411381,46411382,rs6770674_rs79815064,0.81366,rs79815064,rs6770674,,,,,,,,,,,,,,,,
448,chr3,46411995,46411996,rs112384806_rs79815064,0.81366,rs79815064,rs112384806,,,,,,,,,,,,,,,,
449,chr3,46413190,46413191,rs113774564_rs79815064,0.81366,rs79815064,rs113774564,,,,,,,,,,,,,,,,
450,chr3,46413196,46413197,rs113069082_rs79815064,0.81366,rs79815064,rs113069082,,,,,,,,,,,,,,,,
451,chr3,46413418,46413419,rs375524839_rs79815064,0.806561,rs79815064,rs375524839,,,,,,,,,,,,,,,,
452,chr3,46414262,46414263,rs111514151_rs79815064,0.81366,rs79815064,rs111514151,,,,,,,,,,,,,,,,
453,chr3,46414504,46414505,rs66928113_rs79815064,0.81366,rs79815064,rs66928113,,,,,,,,,,,,,,,,
454,chr3,46415837,46415838,rs113942981_rs79815064,0.81366,rs79815064,rs113942981,,,,,,,,,,,,,,,,
455,chr3,46415920,46415921,rs113010081_rs79815064,0.859704,rs79815064,rs113010081,,,,,,,,,,,,,,,,
456,chr3,46416736,46416737,rs113490452_rs79815064,0.81366,rs79815064,rs113490452,,,,,,,,,,,,,,,,
457,chr3,46417013,46417014,rs6782522_rs79815064,0.81366,rs79815064,rs6782522,,,,,,,,,,,,,,,,
458,chr3,46417450,46417451,rs6791599_rs79815064,0.81366,rs79815064,rs6791599,,,,,,,,,,,,,,,,
459,chr3,46417558,46417559,rs111959715_rs79815064,0.81366,rs79815064,rs111959715,,,,,,,,,,,,,,,,
460,chr3,46417629,46417630,rs6791789_rs79815064,0.81366,rs79815064,rs6791789,,,,,,,,,,,,,,,,
461,chr3,46417799,46417800,rs113365357_rs79815064,0.81366,rs79815064,rs113365357,,,,,,,,,,,,,,,,
462,chr3,46417906,46417907,rs112870257_rs79815064,0.81366,rs79815064,rs112870257,,,,,,,,,,,,,,,,
463,chr3,46417919,46417920,rs113888916_rs79815064,0.81366,rs79815064,rs113888916,,,,,,,,,,,,,,,,
464,chr3,46418422,46418423,rs113710186_rs79815064,0.81366,rs79815064,rs113710186,,,,,,,,,,,,,,,,
465,chr3,46418464,46418465,rs111958022_rs79815064,0.81366,rs79815064,rs111958022,,,,,,,,,,,,,,,,
466,chr3,46418521,46418522,rs113064717_rs79815064,0.81366,rs79815064,rs113064717,,,,,,,,,,,,,,,,
467,chr3,46419183,46419184,rs111410234_rs79815064,0.81366,rs79815064,rs111410234,,,,,,,,,,,,,,,,
468,chr3,46420291,46420292,rs112712359_rs79815064,0.81366,rs79815064,rs112712359,,,,,,,,,,,,,,,,
469,chr3,71151005,71151006,rs7647909_rs7647909,1.0,rs7647909,rs7647909,,,,,,,,,,,,,,,,
470,chr3,133096249,133096250,rs1521088_rs1521088,1.0,rs1521088,rs1521088,,,,,,,,,,,,,,,,
471,chr3,138431195,138431196,rs114971416_rs76870128,0.801654,rs76870128,rs114971416,,,,,,,,,,,,,,,,
472,chr3,138493002,138493003,rs76870128_rs76870128,1.0,rs76870128,rs76870128,,,,,,,,,,,,,,,,
473,chr3,138568426,138568427,rs75473122_rs76870128,0.919563,rs76870128,rs75473122,,,,,,,,,,,,,,,,
474,chr3,160178551,160178552,rs9879131_rs13433914,0.859659,rs13433914,rs9879131,,,,,,,,,,,,,,,,
475,chr3,160181943,160181944,rs9840016_rs13433914,0.870603,rs13433914,rs9840016,,,,,,,,,,,,,,,,
476,chr3,160182079,160182080,rs2184638_rs13433914,0.989021,rs13433914,rs2184638,,,,,,,,,,,,,,,,
477,chr3,160183026,160183027,rs12491615_rs13433914,0.870603,rs13433914,rs12491615,,,,,,,,,,,,,,,,
478,chr3,160183467,160183468,rs12488892_rs13433914,0.876365,rs13433914,rs12488892,,,,,,,,,,,,,,,,
479,chr3,160184360,160184361,rs13433914_rs13433914,1.0,rs13433914,rs13433914,,,,,,,,,,,,,,,,
480,chr4,1587596,1587597,rs186715000_rs186715000,1.0,rs186715000,rs186715000,,,,,,,,,,,,,,,,
481,chr4,168439485,168439486,rs150587096_rs139529714,1.0,rs139529714,rs150587096,,,,,,,,,,,,,,,,
482,chr4,168448519,168448520,rs139529714_rs139529714,1.0,rs139529714,rs139529714,,,,,,,,,,,,,,,,
483,chr5,56148855,56148856,rs7731626_rs7731626,1.0,rs7731626,rs7731626,chr5,55977501.0,56270000.0,31782.0,0.0014324,-0.675327,0.662268,0.9552817571400124,,,,,,,,
484,chr5,56148855,56148856,rs7731626_rs7731626,1.0,rs7731626,rs7731626,chr5,56160001.0,56195000.0,31806.0,0.00124262,-0.683127,0.588409,0.943971908820175,,,,,,,,
485,chr5,56250031,56250032,rs13160933_rs13160933,1.0,rs13160933,rs13160933,,,,,,,,,,,,,,,,
486,chr5,56271259,56271260,rs13328207_rs13160933,0.888366,rs13160933,rs13328207,,,,,,,,,,,,,,,,
487,chr5,96884145,96884146,rs11337784_rs4869314,0.933288,rs4869314,rs11337784,,,,,,,,,,,,,,,,
488,chr5,96885306,96885307,rs12189125_rs4869314,0.940958,rs4869314,rs12189125,chr5,95857501.0,96337500.0,33258.0,,,,,,,,,,,0.000219996,0.928816
489,chr5,96885306,96885307,rs12189125_rs4869314,0.940958,rs4869314,rs12189125,chr5,96872501.0,96895000.0,33325.0,,,,,,,,,,,0.00036995,0.900068
490,chr5,96885636,96885637,rs11750025_rs4869314,0.940958,rs4869314,rs11750025,chr5,95857501.0,96337500.0,33258.0,,,,,,,,,,,0.000219996,0.928816
491,chr5,96885636,96885637,rs11750025_rs4869314,0.940958,rs4869314,rs11750025,chr5,96872501.0,96895000.0,33325.0,,,,,,,,,,,0.00036995,0.900068
492,chr5,96885721,96885722,rs11135482_rs4869314,0.940958,rs4869314,rs11135482,chr5,97022501.0,98870000.0,33346.0,,,,,,,0.000330128,-0.833328,0.272367,0.9313952926672964,0.000330128,-0.833328
493,chr5,96885721,96885722,rs11135482_rs4869314,0.940958,rs4869314,rs11135482,chr5,95857501.0,96337500.0,33258.0,,,,,,,,,,,0.000380755,0.825918
494,chr5,96885860,96885861,rs11135483_rs4869314,0.940958,rs4869314,rs11135483,chr5,95857501.0,96337500.0,33258.0,,,,,,,,,,,0.000219996,0.928816
495,chr5,96885860,96885861,rs11135483_rs4869314,0.940958,rs4869314,rs11135483,chr5,96872501.0,96895000.0,33325.0,,,,,,,,,,,0.00036995,0.900068
496,chr5,96886184,96886185,rs11135484_rs4869314,0.940958,rs4869314,rs11135484,chr5,95857501.0,96337500.0,33258.0,,,,,,,,,,,0.000219996,0.928816
497,chr5,96886184,96886185,rs11135484_rs4869314,0.940958,rs4869314,rs11135484,chr5,96872501.0,96895000.0,33325.0,,,,,,,,,,,0.00036995,0.900068
498,chr5,96886315,96886316,rs13167902_rs4869314,0.940337,rs4869314,rs13167902,chr5,95857501.0,96337500.0,33258.0,,,,,,,,,,,0.000219996,0.928816
499,chr5,96886315,96886316,rs13167902_rs4869314,0.940337,rs4869314,rs13167902,chr5,96872501.0,96895000.0,33325.0,,,,,,,,,,,0.00036995,0.900068
500,chr5,96886478,96886479,rs2303208_rs4869314,0.940958,rs4869314,rs2303208,chr5,95857501.0,96337500.0,33258.0,,,,,,,,,,,0.000219996,0.928816
501,chr5,96886478,96886479,rs2303208_rs4869314,0.940958,rs4869314,rs2303208,chr5,96872501.0,96895000.0,33325.0,,,,,,,,,,,0.00036995,0.900068
502,chr5,96886480,96886481,rs2303209_rs4869314,0.936972,rs4869314,rs2303209,chr5,95857501.0,96337500.0,33258.0,,,,,,,,,,,0.000219996,0.928816
503,chr5,96886480,96886481,rs2303209_rs4869314,0.936972,rs4869314,rs2303209,chr5,96872501.0,96895000.0,33325.0,,,,,,,,,,,0.00036995,0.900068
504,chr5,96886922,96886923,rs13189819_rs4869314,0.940958,rs4869314,rs13189819,chr5,95857501.0,96337500.0,33258.0,,,,,,,,,,,0.000219996,0.928816
505,chr5,96886922,96886923,rs13189819_rs4869314,0.940958,rs4869314,rs13189819,chr5,96872501.0,96895000.0,33325.0,,,,,,,,,,,0.00036995,0.900068
506,chr5,96887071,96887072,rs200811208_rs4869314,0.940958,rs4869314,rs200811208,,,,,,,,,,,,,,,,
507,chr5,96887340,96887341,rs12655858_rs4869314,0.940958,rs4869314,rs12655858,chr5,95857501.0,96337500.0,33258.0,,,,,,,,,,,0.000219996,0.928816
508,chr5,96887340,96887341,rs12655858_rs4869314,0.940958,rs4869314,rs12655858,chr5,96872501.0,96895000.0,33325.0,,,,,,,,,,,0.00036995,0.900068
509,chr5,96887395,96887396,rs12654015_rs4869314,0.940958,rs4869314,rs12654015,chr5,95857501.0,96337500.0,33258.0,,,,,,,,,,,0.000219996,0.928816
510,chr5,96887395,96887396,rs12654015_rs4869314,0.940958,rs4869314,rs12654015,chr5,96872501.0,96895000.0,33325.0,,,,,,,,,,,0.00036995,0.900068
511,chr5,96887597,96887598,rs7721944_rs4869314,0.940958,rs4869314,rs7721944,chr5,95857501.0,96337500.0,33258.0,,,,,,,,,,,0.000219996,0.928816
512,chr5,96887597,96887598,rs7721944_rs4869314,0.940958,rs4869314,rs7721944,chr5,96872501.0,96895000.0,33325.0,,,,,,,,,,,0.00036995,0.900068
513,chr5,96887775,96887776,rs4869311_rs4869314,0.940958,rs4869314,rs4869311,chr5,95857501.0,96337500.0,33258.0,,,,,,,,,,,0.000219996,0.928816
514,chr5,96887775,96887776,rs4869311_rs4869314,0.940958,rs4869314,rs4869311,chr5,96872501.0,96895000.0,33325.0,,,,,,,,,,,0.00036995,0.900068
515,chr5,96888055,96888056,rs4869312_rs4869314,0.940958,rs4869314,rs4869312,chr5,95857501.0,96337500.0,33258.0,,,,,,,,,,,0.000219996,0.928816
516,chr5,96888055,96888056,rs4869312_rs4869314,0.940958,rs4869314,rs4869312,chr5,96872501.0,96895000.0,33325.0,,,,,,,,,,,0.00036995,0.900068
517,chr5,96888128,96888129,rs11371784_rs4869314,0.873012,rs4869314,rs11371784,,,,,,,,,,,,,,,,
518,chr5,96888175,96888176,rs4869313_rs4869314,0.804387,rs4869314,rs4869313,chr5,95857501.0,96337500.0,33258.0,,,,,,,,,,,0.000121101,0.94779
519,chr5,96888175,96888176,rs4869313_rs4869314,0.804387,rs4869314,rs4869313,chr5,97227501.0,98857500.0,33362.0,,,,,,,,,,,0.000830497,0.841305
520,chr5,96888416,96888417,rs1559354_rs4869314,0.940958,rs4869314,rs1559354,chr5,95857501.0,96337500.0,33258.0,,,,,,,,,,,0.000219996,0.928816
521,chr5,96888416,96888417,rs1559354_rs4869314,0.940958,rs4869314,rs1559354,chr5,96872501.0,96895000.0,33325.0,,,,,,,,,,,0.00036995,0.900068
522,chr5,96888471,96888472,rs6868302_rs4869314,0.940958,rs4869314,rs6868302,chr5,95857501.0,96337500.0,33258.0,,,,,,,,,,,0.000219996,0.928816
523,chr5,96888471,96888472,rs6868302_rs4869314,0.940958,rs4869314,rs6868302,chr5,96872501.0,96895000.0,33325.0,,,,,,,,,,,0.00036995,0.900068
524,chr5,96888874,96888875,rs2278018_rs4869314,0.940958,rs4869314,rs2278018,chr5,95857501.0,96337500.0,33258.0,,,,,,,,,,,0.000219996,0.928816
525,chr5,96888874,96888875,rs2278018_rs4869314,0.940958,rs4869314,rs2278018,chr5,96872501.0,96895000.0,33325.0,,,,,,,,,,,0.00036995,0.900068
526,chr5,96889547,96889548,rs2278019_rs4869314,0.940958,rs4869314,rs2278019,chr5,95857501.0,96337500.0,33258.0,,,,,,,,,,,0.000219996,0.928816
527,chr5,96889547,96889548,rs2278019_rs4869314,0.940958,rs4869314,rs2278019,chr5,96872501.0,96895000.0,33325.0,,,,,,,,,,,0.00036995,0.900068
528,chr5,96889817,96889818,rs10434708_rs4869314,0.940958,rs4869314,rs10434708,chr5,96872501.0,96895000.0,33325.0,,,,,,,,,,,0.000178293,0.899037
529,chr5,96890069,96890070,rs10434709_rs4869314,0.940958,rs4869314,rs10434709,chr5,95857501.0,96337500.0,33258.0,,,,,,,,,,,0.000219996,0.928816
530,chr5,96890069,96890070,rs10434709_rs4869314,0.940958,rs4869314,rs10434709,chr5,96872501.0,96895000.0,33325.0,,,,,,,,,,,0.00036995,0.900068
531,chr5,96890830,96890831,rs1974871_rs4869314,0.933289,rs4869314,rs1974871,chr5,95857501.0,96337500.0,33258.0,,,,,,,,,,,0.000219996,0.928816
532,chr5,96890830,96890831,rs1974871_rs4869314,0.933289,rs4869314,rs1974871,chr5,96872501.0,96895000.0,33325.0,,,,,,,,,,,0.00036995,0.900068
533,chr5,96890990,96890991,rs1559355_rs4869314,0.941128,rs4869314,rs1559355,chr5,95857501.0,96337500.0,33258.0,,,,,,,,,,,0.000219996,0.928816
534,chr5,96890990,96890991,rs1559355_rs4869314,0.941128,rs4869314,rs1559355,chr5,96872501.0,96895000.0,33325.0,,,,,,,,,,,0.00036995,0.900068
535,chr5,96891024,96891025,rs1559356_rs4869314,0.941128,rs4869314,rs1559356,chr5,95857501.0,96337500.0,33258.0,,,,,,,,,,,0.000219996,0.928816
536,chr5,96891024,96891025,rs1559356_rs4869314,0.941128,rs4869314,rs1559356,chr5,96872501.0,96895000.0,33325.0,,,,,,,,,,,0.00036995,0.900068
537,chr5,96891025,96891026,rs1559357_rs4869314,0.937117,rs4869314,rs1559357,chr5,95857501.0,96337500.0,33258.0,,,,,,,,,,,0.000219996,0.928816
538,chr5,96891025,96891026,rs1559357_rs4869314,0.937117,rs4869314,rs1559357,chr5,96872501.0,96895000.0,33325.0,,,,,,,,,,,0.00036995,0.900068
539,chr5,96891366,96891367,rs72107567_rs4869314,0.867313,rs4869314,rs72107567,,,,,,,,,,,,,,,,
540,chr5,96891384,96891385,rs55691766_rs4869314,0.941128,rs4869314,rs55691766,chr5,95857501.0,96337500.0,33258.0,,,,,,,,,,,0.000219996,0.928816
541,chr5,96891384,96891385,rs55691766_rs4869314,0.941128,rs4869314,rs55691766,chr5,96872501.0,96895000.0,33325.0,,,,,,,,,,,0.00036995,0.900068
542,chr5,96891482,96891483,rs185909589_rs4869314,0.894086,rs4869314,rs185909589,chr5,97022501.0,98870000.0,33346.0,,,,,,,,,,,0.000594353,-0.822243
543,chr5,96891516,96891517,rs146022635_rs4869314,0.948687,rs4869314,rs146022635,,,,,,,,,,,,,,,,
544,chr5,96891881,96891882,rs56197090_rs4869314,0.944963,rs4869314,rs56197090,chr5,95857501.0,96337500.0,33258.0,,,,,,,,,,,0.000219996,0.928816
545,chr5,96891881,96891882,rs56197090_rs4869314,0.944963,rs4869314,rs56197090,chr5,96872501.0,96895000.0,33325.0,,,,,,,,,,,0.00036995,0.900068
546,chr5,96892723,96892724,rs3734015_rs4869314,0.944963,rs4869314,rs3734015,chr5,95857501.0,96337500.0,33258.0,,,,,,,,,,,0.000219996,0.928816
547,chr5,96892723,96892724,rs3734015_rs4869314,0.944963,rs4869314,rs3734015,chr5,96872501.0,96895000.0,33325.0,,,,,,,,,,,0.00036995,0.900068
548,chr5,96893077,96893078,rs12516666_rs4869314,0.944963,rs4869314,rs12516666,chr5,95857501.0,96337500.0,33258.0,,,,,,,,,,,0.000219996,0.928816
549,chr5,96893077,96893078,rs12516666_rs4869314,0.944963,rs4869314,rs12516666,chr5,96872501.0,96895000.0,33325.0,,,,,,,,,,,0.00036995,0.900068
550,chr5,96893520,96893521,rs4869314_rs4869314,1.0,rs4869314,rs4869314,chr5,95857501.0,96337500.0,33258.0,,,,,,,,,,,0.000219996,0.928816
551,chr5,96893520,96893521,rs4869314_rs4869314,1.0,rs4869314,rs4869314,chr5,96872501.0,96895000.0,33325.0,,,,,,,,,,,0.00036995,0.900068
552,chr5,96894045,96894046,rs2247650_rs4869314,0.844198,rs4869314,rs2247650,chr5,96872501.0,96895000.0,33325.0,,,,,,,,,,,0.000246374,0.882432
553,chr5,96894698,96894699,rs6556943_rs4869314,0.802559,rs4869314,rs6556943,chr5,95857501.0,96337500.0,33258.0,,,,,,,,,,,0.000396123,0.844539
554,chr5,96894698,96894699,rs6556943_rs4869314,0.802559,rs4869314,rs6556943,chr5,96872501.0,96895000.0,33325.0,,,,,,,,,,,7.27003e-05,0.928758
555,chr5,96907572,96907573,rs112138906_rs4869314,0.831654,rs4869314,rs112138906,,,,,,,,,,,,,,,,
556,chr5,97009681,97009682,rs67555927_rs4869314,0.858879,rs4869314,rs67555927,,,,,,,,,,,,,,,,
557,chr5,177357446,177357447,rs4976689_rs12654812,0.939382,rs12654812,rs4976689,chr5,178075001.0,178147500.0,36157.0,,,,,0.000157538,-0.725789,,,,,,
558,chr5,177357446,177357447,rs4976689_rs12654812,0.939382,rs12654812,rs4976689,chr5,177367501.0,177502500.0,36110.0,,,,,,,0.000452445,-0.756449,0.346995,0.940107130084543,0.000452445,-0.756449
559,chr5,177361568,177361569,rs4976646_rs12654812,0.913586,rs12654812,rs4976646,chr5,178075001.0,178147500.0,36157.0,,,,,6.23196e-05,-0.758553,,,,,,
560,chr5,177361620,177361621,rs4976647_rs12654812,0.913586,rs12654812,rs4976647,chr5,178075001.0,178147500.0,36157.0,,,,,0.000585614,-0.716711,,,,,,
561,chr5,177361620,177361621,rs4976647_rs12654812,0.913586,rs12654812,rs4976647,chr5,178237501.0,179637500.0,36186.0,,,,,,,0.000183596,0.891379,0.339121,0.9392001101127893,0.000183596,0.891379
562,chr5,177363160,177363161,rs67111717_rs12654812,0.909265,rs12654812,rs67111717,chr5,178075001.0,178147500.0,36157.0,,,,,6.23196e-05,-0.758553,,,,,,
563,chr5,177365489,177365490,rs6556313_rs12654812,0.943642,rs12654812,rs6556313,chr5,178075001.0,178147500.0,36157.0,,,,,6.23196e-05,-0.758553,,,,,,
564,chr5,177365555,177365556,rs11135015_rs12654812,0.943642,rs12654812,rs11135015,chr5,178075001.0,178147500.0,36157.0,,,,,0.00057974,-0.687608,,,,,,
565,chr5,177365555,177365556,rs11135015_rs12654812,0.943642,rs12654812,rs11135015,chr5,178237501.0,179637500.0,36186.0,,,,,,,,,,,0.000305755,0.816435
566,chr5,177367189,177367190,rs12654812_rs12654812,1.0,rs12654812,rs12654812,chr5,178075001.0,178147500.0,36157.0,,,,,4.19217e-05,-0.7734,,,,,,
567,chr5,177371038,177371039,rs56235845_rs12654812,0.820668,rs12654812,rs56235845,chr5,178075001.0,178147500.0,36157.0,,,,,1.59973e-06,-0.829168,,,,,,
568,chr5,177371038,177371039,rs56235845_rs12654812,0.820668,rs12654812,rs56235845,chr5,177367501.0,177502500.0,36110.0,,,,,,,,,,,0.000598983,-0.688927
569,chr5,177372990,177372991,rs10051765_rs12654812,0.833161,rs12654812,rs10051765,chr5,178075001.0,178147500.0,36157.0,,,,,1.59973e-06,-0.829168,,,,,,
570,chr5,177372990,177372991,rs10051765_rs12654812,0.833161,rs12654812,rs10051765,chr5,177367501.0,177502500.0,36110.0,,,,,,,,,,,0.000598983,-0.688927
571,chr6,135305209,135305210,rs6928977_rs2614258,0.854485,rs2614258,rs6928977,,,,,,,,,,,,,,,,
572,chr6,135306230,135306231,rs6935146_rs2614258,0.812664,rs2614258,rs6935146,,,,,,,,,,,,,,,,
573,chr6,135310272,135310273,rs10653811_rs2614258,0.879335,rs2614258,rs10653811,,,,,,,,,,,,,,,,
574,chr6,135311486,135311487,rs11154798_rs2614258,0.804746,rs2614258,rs11154798,,,,,,,,,,,,,,,,
575,chr6,135311510,135311511,rs11154799_rs2614258,0.804746,rs2614258,rs11154799,,,,,,,,,,,,,,,,
576,chr6,135313961,135313962,rs4896143_rs2614258,0.839314,rs2614258,rs4896143,,,,,,,,,,,,,,,,
577,chr6,135314410,135314411,rs6918097_rs2614258,0.817313,rs2614258,rs6918097,,,,,,,,,,,,,,,,
578,chr6,135316056,135316057,rs11314127_rs2614258,0.821765,rs2614258,rs11314127,,,,,,,,,,,,,,,,
579,chr6,135320230,135320231,rs9321500_rs2614258,0.828332,rs2614258,rs9321500,,,,,,,,,,,,,,,,
580,chr6,135325096,135325097,rs9402703_rs2614258,0.821763,rs2614258,rs9402703,,,,,,,,,,,,,,,,
581,chr6,135326773,135326774,rs34341491_rs2614258,0.856306,rs2614258,rs34341491,,,,,,,,,,,,,,,,
582,chr6,135328677,135328678,rs2179779_rs2614258,0.801806,rs2614258,rs2179779,,,,,,,,,,,,,,,,
583,chr6,135330582,135330583,rs6570001_rs2614258,0.991542,rs2614258,rs6570001,,,,,,,,,,,,,,,,
584,chr6,135332218,135332219,rs2614279_rs2614258,0.900026,rs2614258,rs2614279,chr6,135497501.0,136792500.0,41076.0,,,,,,,,,,,0.000508241,0.750684
585,chr6,135332259,135332260,rs2614278_rs2614258,0.801806,rs2614258,rs2614278,,,,,,,,,,,,,,,,
586,chr6,135335113,135335114,rs9321502_rs2614258,0.903787,rs2614258,rs9321502,,,,,,,,,,,,,,,,
587,chr6,135337375,135337376,rs2614275_rs2614258,0.856306,rs2614258,rs2614275,chr6,135497501.0,136792500.0,41076.0,,,,,,,,,,,0.000508241,0.750684
588,chr6,135338055,135338056,rs2746420_rs2614258,0.859851,rs2614258,rs2746420,chr6,135497501.0,136792500.0,41076.0,,,,,,,,,,,0.000508241,0.750684
589,chr6,135340490,135340491,rs2746421_rs2614258,0.805093,rs2614258,rs2746421,,,,,,,,,,,,,,,,
590,chr6,135341233,135341234,rs2327613_rs2614258,0.825143,rs2614258,rs2327613,,,,,,,,,,,,,,,,
591,chr6,135343226,135343227,rs2746425_rs2614258,0.805093,rs2614258,rs2746425,,,,,,,,,,,,,,,,
592,chr6,135345293,135345294,rs2746426_rs2614258,0.805093,rs2614258,rs2746426,,,,,,,,,,,,,,,,
593,chr6,135347958,135347959,rs2746427_rs2614258,0.801806,rs2614258,rs2746427,,,,,,,,,,,,,,,,
594,chr6,135355265,135355266,rs2614257_rs2614258,0.829715,rs2614258,rs2614257,chr6,135497501.0,136792500.0,41076.0,,,,,,,,,,,0.00044387,0.728177
595,chr6,135356063,135356064,rs2614258_rs2614258,1.0,rs2614258,rs2614258,,,,,,,,,,,,,,,,
596,chr6,135360565,135360566,rs2614276_rs2614258,0.942117,rs2614258,rs2614276,,,,,,,,,,,,,,,,
597,chr6,135364860,135364861,rs2143793_rs2614258,0.810484,rs2614258,rs2143793,chr6,135497501.0,136792500.0,41076.0,,,,,,,,,,,0.00044387,0.728177
598,chr6,135366062,135366063,rs2746431_rs2614258,0.851826,rs2614258,rs2746431,chr6,135497501.0,136792500.0,41076.0,,,,,,,,,,,0.00044387,0.728177
599,chr6,135370653,135370654,rs2246852_rs2614258,0.942117,rs2614258,rs2246852,,,,,,,,,,,,,,,,
600,chr6,135383474,135383475,rs35719148_rs2614258,0.838451,rs2614258,rs35719148,,,,,,,,,,,,,,,,
601,chr7,128923278,128923279,rs34815476_rs12706860,0.877446,rs12706860,rs34815476,chr7,128507501.0,128527500.0,46826.0,0.000115645,-0.845421,0.0788013,0.8012299480063481,0.000115645,-0.845421,,,,,,
602,chr7,128924770,128924771,rs35611012_rs12706860,0.906075,rs12706860,rs35611012,chr7,128507501.0,128527500.0,46826.0,,,,,0.000169738,-0.822393,,,,,,
603,chr7,128925606,128925607,rs6950728_rs12706860,0.9227,rs12706860,rs6950728,chr7,127650001.0,129225000.0,46775.0,,,,,0.00067312,-0.686499,,,,,,
604,chr7,128925606,128925607,rs6950728_rs12706860,0.9227,rs12706860,rs6950728,chr7,128507501.0,128527500.0,46826.0,,,,,0.000262137,-0.746155,,,,,,
605,chr7,128926699,128926700,rs11982901_rs12706860,0.9227,rs12706860,rs11982901,chr7,127650001.0,129225000.0,46775.0,,,,,0.00067312,-0.686499,,,,,,
606,chr7,128926699,128926700,rs11982901_rs12706860,0.9227,rs12706860,rs11982901,chr7,128507501.0,128527500.0,46826.0,,,,,0.000262137,-0.746155,,,,,,
607,chr7,128927480,128927481,rs66720828_rs12706860,0.9227,rs12706860,rs66720828,chr7,127650001.0,129225000.0,46775.0,,,,,0.00067312,-0.686499,,,,,,
608,chr7,128927480,128927481,rs66720828_rs12706860,0.9227,rs12706860,rs66720828,chr7,128507501.0,128527500.0,46826.0,,,,,0.000262137,-0.746155,,,,,,
609,chr7,128927663,128927664,rs34891352_rs12706860,0.9227,rs12706860,rs34891352,chr7,127650001.0,129225000.0,46775.0,,,,,0.00067312,-0.686499,,,,,,
610,chr7,128927663,128927664,rs34891352_rs12706860,0.9227,rs12706860,rs34891352,chr7,128507501.0,128527500.0,46826.0,,,,,0.000262137,-0.746155,,,,,,
611,chr7,128927755,128927756,rs13245639_rs12706860,0.9227,rs12706860,rs13245639,chr7,127650001.0,129225000.0,46775.0,,,,,0.00067312,-0.686499,,,,,,
612,chr7,128927755,128927756,rs13245639_rs12706860,0.9227,rs12706860,rs13245639,chr7,128507501.0,128527500.0,46826.0,,,,,0.000262137,-0.746155,,,,,,
613,chr7,128927913,128927914,rs73238196_rs12706860,0.926886,rs12706860,rs73238196,chr7,127650001.0,129225000.0,46775.0,,,,,0.00067312,-0.686499,,,,,,
614,chr7,128927913,128927914,rs73238196_rs12706860,0.926886,rs12706860,rs73238196,chr7,128507501.0,128527500.0,46826.0,,,,,0.000262137,-0.746155,,,,,,
615,chr7,128928905,128928906,rs729302_rs12706860,0.926886,rs12706860,rs729302,chr7,127650001.0,129225000.0,46775.0,,,,,0.00067312,-0.686499,,,,,,
616,chr7,128928905,128928906,rs729302_rs12706860,0.926886,rs12706860,rs729302,chr7,128507501.0,128527500.0,46826.0,,,,,0.000262137,-0.746155,,,,,,
617,chr7,128929506,128929507,rs729068_rs12706860,0.906075,rs12706860,rs729068,chr7,128507501.0,128527500.0,46826.0,,,,,0.000387928,-0.786508,,,,,,
618,chr7,128929506,128929507,rs729068_rs12706860,0.906075,rs12706860,rs729068,chr7,129342501.0,129472500.0,46884.0,,,,,,,0.000368121,-0.861725,0.244672,0.922871173655814,0.000368121,-0.861725
619,chr7,128929971,128929972,rs12706860_rs12706860,1.0,rs12706860,rs12706860,chr7,127650001.0,129225000.0,46775.0,,,,,0.00067312,-0.686499,,,,,,
620,chr7,128929971,128929972,rs12706860_rs12706860,1.0,rs12706860,rs12706860,chr7,128507501.0,128527500.0,46826.0,,,,,0.000262137,-0.746155,,,,,,
621,chr7,128930183,128930184,rs7808659_rs12706860,0.873403,rs12706860,rs7808659,chr7,127650001.0,129225000.0,46775.0,,,,,6.6434e-05,-0.782751,,,,,,
622,chr7,128930183,128930184,rs7808659_rs12706860,0.873403,rs12706860,rs7808659,chr7,128507501.0,128527500.0,46826.0,,,,,0.000455886,-0.714501,,,,,,
623,chr7,128931985,128931986,rs35939202_rs12706860,0.871338,rs12706860,rs35939202,chr7,128507501.0,128527500.0,46826.0,,,,,0.000169738,-0.822393,,,,,,
624,chr7,128932427,128932428,rs13237475_rs12706860,0.871338,rs12706860,rs13237475,chr7,128507501.0,128527500.0,46826.0,,,,,0.000169738,-0.822393,,,,,,
625,chr7,128933939,128933940,rs7801838_rs12706860,0.818209,rs12706860,rs7801838,chr7,128507501.0,128527500.0,46826.0,,,,,0.000909679,-0.729753,,,,,,
626,chr9,8894395,8894396,rs72704368_rs72704368,1.0,rs72704368,rs72704368,,,,,,,,,,,,,,,,
627,chr9,114866247,114866248,rs7043505_rs7043505,1.0,rs7043505,rs7043505,chr9,114660001.0,115017500.0,55673.0,,,,,0.000919766,0.694212,,,,,,
628,chr9,114867428,114867429,rs4979466_rs7043505,1.0,rs7043505,rs4979466,chr9,114660001.0,115017500.0,55673.0,,,,,0.000919766,0.694212,,,,,,
629,chr9,114867762,114867763,rs4979467_rs7043505,1.0,rs7043505,rs4979467,chr9,114660001.0,115017500.0,55673.0,,,,,0.000919766,0.694212,,,,,,
630,chr9,114868456,114868457,rs2418322_rs7043505,0.903947,rs7043505,rs2418322,chr9,114537501.0,114655000.0,55666.0,,,,,,,,,,,0.000142728,-0.826037
631,chr9,114871731,114871732,rs35625008_rs7043505,0.885725,rs7043505,rs35625008,,,,,,,,,,,,,,,,
632,chr9,114871849,114871850,rs7468552_rs7043505,0.984052,rs7043505,rs7468552,,,,,,,,,,,,,,,,
633,chr9,114873755,114873756,rs7043832_rs7043505,0.988018,rs7043505,rs7043832,chr9,114660001.0,115017500.0,55673.0,,,,,0.000919766,0.694212,,,,,,
634,chr9,114873951,114873952,rs7043766_rs7043505,0.889344,rs7043505,rs7043766,chr9,114537501.0,114655000.0,55666.0,,,,,,,,,,,0.000142728,-0.826037
635,chr9,114874081,114874082,rs7043898_rs7043505,0.988018,rs7043505,rs7043898,chr9,114660001.0,115017500.0,55673.0,,,,,0.000919766,0.694212,,,,,,
636,chr9,114878140,114878141,rs4979469_rs7043505,0.888761,rs7043505,rs4979469,chr9,114537501.0,114655000.0,55666.0,,,,,,,,,,,0.000142728,-0.826037
637,chr9,114878659,114878660,rs2418323_rs7043505,0.983987,rs7043505,rs2418323,chr9,114660001.0,115017500.0,55673.0,,,,,0.000919766,0.694212,,,,,,
638,chr9,114880137,114880138,rs7863183_rs7043505,0.888761,rs7043505,rs7863183,chr9,114537501.0,114655000.0,55666.0,,,,,,,,,,,0.000161677,-0.804204
639,chr9,114882734,114882735,rs7028891_rs7043505,0.84598,rs7043505,rs7028891,chr9,114660001.0,115017500.0,55673.0,0.000340497,0.743847,0.321728,0.8958429432785805,0.000340497,0.743847,,,,,,
