,chr,start,end,name,score,loci,snp,gene_id,nom_pval_RNA_perm_CD8,slope_RNA_perm_CD8,adj_beta_pval_RNA_perm_CD8,nom_pval_RNA_nom_CD8,slope_RNA_nom_CD8,nom_pval_RNA_perm_CD4,slope_RNA_perm_CD4,adj_beta_pval_RNA_perm_CD4,nom_pval_RNA_nom_CD4,slope_RNA_nom_CD4,gene_name
0,chr19,39440535,39440536,rs2353679_rs2353679,1.0,rs2353679,rs2353679,ENSG00000196235,,,,,,,,,0.000753831,0.63349,SUPT5H
1,chr19,39428897,39428898,rs251857_rs2353679,1.0,rs2353679,rs251857,ENSG00000197019,,,,0.000546807,-0.562698,,,,,,SERTAD1
2,chr19,39428088,39428089,rs251859_rs2353679,1.0,rs2353679,rs251859,ENSG00000197019,,,,0.000546807,-0.562698,,,,,,SERTAD1
3,chr19,39433488,39433489,rs566130_rs2353679,1.0,rs2353679,rs566130,ENSG00000197019,,,,0.000546807,-0.562698,,,,,,SERTAD1
4,chr19,39428184,39428185,rs251858_rs2353679,0.996,rs2353679,rs251858,ENSG00000197019,,,,0.000546807,-0.562698,,,,,,SERTAD1
5,chr19,39427120,39427121,rs251860_rs2353679,0.996,rs2353679,rs251860,ENSG00000197019,,,,0.000546807,-0.562698,,,,,,SERTAD1
6,chr19,39430838,39430839,rs251855_rs2353679,0.996,rs2353679,rs251855,ENSG00000197019,,,,0.000546807,-0.562698,,,,,,SERTAD1
7,chr19,39435416,39435417,rs56809498_rs2353679,0.996,rs2353679,rs56809498,,,,,,,,,,,,
8,chr19,39438498,39438499,rs10407823_rs2353679,0.996,rs2353679,rs10407823,ENSG00000197019,,,,0.000247692,-0.602161,,,,,,SERTAD1
9,chr19,39431547,39431548,rs59866911_rs2353679,0.992,rs2353679,rs59866911,,,,,,,,,,,,
10,chr19,39440535,39440536,rs56947764_rs2353679,0.992,rs2353679,rs56947764,,,,,,,,,,,,
11,chr19,39441425,39441426,rs58148274_rs2353679,0.992,rs2353679,rs58148274,,,,,,,,,,,,
12,chr19,39430055,39430056,rs251856_rs2353679,0.992,rs2353679,rs251856,ENSG00000197019,,,,0.000546807,-0.562698,,,,,,SERTAD1
13,chr19,39440390,39440391,rs4390710_rs2353679,0.988,rs2353679,rs4390710,ENSG00000196235,,,,,,,,,0.000753831,0.63349,SUPT5H
14,chr19,39440418,39440419,rs57862144_rs2353679,0.988,rs2353679,rs57862144,,,,,,,,,,,,
15,chr19,39442349,39442350,rs57807886_rs2353679,0.98,rs2353679,rs57807886,,,,,,,,,,,,
16,chr19,39425469,39425470,rs111585731_rs2353679,0.9682,rs2353679,rs111585731,,,,,,,,,,,,
17,chr19,39443510,39443511,rs8110134_rs2353679,0.9681,rs2353679,rs8110134,ENSG00000197019,,,,0.000767322,-0.54169,,,,,,SERTAD1
18,chr19,39443510,39443511,rs8110134_rs2353679,0.9681,rs2353679,rs8110134,ENSG00000196235,,,,,,,,,0.000753831,0.63349,SUPT5H
19,chr19,39443924,39443925,rs61457313_rs2353679,0.9681,rs2353679,rs61457313,,,,,,,,,,,,
20,chr19,39444701,39444702,rs57948367_rs2353679,0.9681,rs2353679,rs57948367,,,,,,,,,,,,
21,chr19,39445376,39445377,rs1865092_rs2353679,0.9681,rs2353679,rs1865092,ENSG00000197019,,,,0.000767322,-0.54169,,,,,,SERTAD1
22,chr19,39445376,39445377,rs1865092_rs2353679,0.9681,rs2353679,rs1865092,ENSG00000196235,,,,,,,,,0.000753831,0.63349,SUPT5H
23,chr19,39443993,39443994,rs12978954_rs2353679,0.9641,rs2353679,rs12978954,ENSG00000197019,,,,0.000767322,-0.54169,,,,,,SERTAD1
24,chr19,39443993,39443994,rs12978954_rs2353679,0.9641,rs2353679,rs12978954,ENSG00000196235,,,,,,,,,0.000753831,0.63349,SUPT5H
25,chr19,39444022,39444023,rs12979605_rs2353679,0.9641,rs2353679,rs12979605,ENSG00000197019,,,,0.000767322,-0.54169,,,,,,SERTAD1
26,chr19,39444022,39444023,rs12979605_rs2353679,0.9641,rs2353679,rs12979605,ENSG00000196235,,,,,,,,,0.000753831,0.63349,SUPT5H
27,chr19,39448206,39448207,rs60629934_rs2353679,0.9563,rs2353679,rs60629934,,,,,,,,,,,,
28,chr19,39451556,39451557,rs8107647_rs2353679,0.9563,rs2353679,rs8107647,ENSG00000197019,,,,0.000345867,-0.572283,,,,,,SERTAD1
29,chr19,39451928,39451929,rs56623527_rs2353679,0.9563,rs2353679,rs56623527,,,,,,,,,,,,
30,chr19,39476817,39476818,rs62120674_rs2353679,0.9525,rs2353679,rs62120674,,,,,,,,,,,,
31,chr19,39480981,39480982,rs2304221_rs2353679,0.9525,rs2353679,rs2304221,ENSG00000197019,,,,0.000345867,-0.572283,,,,,,SERTAD1
32,chr19,39483462,39483463,rs2288934_rs2353679,0.9525,rs2353679,rs2288934,ENSG00000197019,,,,0.000345867,-0.572283,,,,,,SERTAD1
33,chr19,39446052,39446053,rs2116932_rs2353679,0.9524,rs2353679,rs2116932,ENSG00000197019,,,,0.000767322,-0.54169,,,,,,SERTAD1
34,chr19,39446052,39446053,rs2116932_rs2353679,0.9524,rs2353679,rs2116932,ENSG00000196235,,,,,,,,,0.000753831,0.63349,SUPT5H
35,chr19,39446763,39446764,rs60460693_rs2353679,0.9524,rs2353679,rs60460693,,,,,,,,,,,,
36,chr19,39447468,39447469,rs4802027_rs2353679,0.9524,rs2353679,rs4802027,ENSG00000197019,,,,0.000767322,-0.54169,,,,,,SERTAD1
37,chr19,39447468,39447469,rs4802027_rs2353679,0.9524,rs2353679,rs4802027,ENSG00000196235,,,,,,,,,0.000753831,0.63349,SUPT5H
38,chr19,39447523,39447524,rs28649498_rs2353679,0.9524,rs2353679,rs28649498,ENSG00000197019,,,,0.000767322,-0.54169,,,,,,SERTAD1
39,chr19,39447523,39447524,rs28649498_rs2353679,0.9524,rs2353679,rs28649498,ENSG00000196235,,,,,,,,,0.000753831,0.63349,SUPT5H
40,chr19,39452364,39452365,rs1529732_rs2353679,0.9524,rs2353679,rs1529732,ENSG00000197019,,,,0.000767322,-0.54169,,,,,,SERTAD1
41,chr19,39452364,39452365,rs1529732_rs2353679,0.9524,rs2353679,rs1529732,ENSG00000196235,,,,,,,,,0.000753831,0.63349,SUPT5H
42,chr19,39453441,39453442,rs1130180_rs2353679,0.9524,rs2353679,rs1130180,ENSG00000197019,,,,0.000767322,-0.54169,,,,,,SERTAD1
43,chr19,39453441,39453442,rs1130180_rs2353679,0.9524,rs2353679,rs1130180,ENSG00000196235,,,,,,,,,0.000753831,0.63349,SUPT5H
44,chr19,39455194,39455195,rs7255253_rs2353679,0.9524,rs2353679,rs7255253,ENSG00000197019,,,,0.000767322,-0.54169,,,,,,SERTAD1
45,chr19,39455194,39455195,rs7255253_rs2353679,0.9524,rs2353679,rs7255253,ENSG00000196235,,,,,,,,,0.000753831,0.63349,SUPT5H
46,chr19,39456573,39456574,rs2060270_rs2353679,0.9524,rs2353679,rs2060270,ENSG00000197019,,,,0.000345867,-0.572283,,,,,,SERTAD1
47,chr19,39460669,39460670,rs6508863_rs2353679,0.9524,rs2353679,rs6508863,ENSG00000197019,,,,0.000345867,-0.572283,,,,,,SERTAD1
48,chr19,39464028,39464029,rs7251652_rs2353679,0.9524,rs2353679,rs7251652,ENSG00000197019,,,,0.000345867,-0.572283,,,,,,SERTAD1
49,chr19,39465150,39465151,rs12985750_rs2353679,0.9524,rs2353679,rs12985750,,,,,,,,,,,,
50,chr19,39491440,39491441,rs8111260_rs2353679,0.9486,rs2353679,rs8111260,ENSG00000197019,,,,0.000345867,-0.572283,,,,,,SERTAD1
51,chr19,39466153,39466154,rs12977051_rs2353679,0.9485,rs2353679,rs12977051,,,,,,,,,,,,
52,chr19,39472677,39472678,rs2304219_rs2353679,0.9485,rs2353679,rs2304219,ENSG00000197019,,,,0.000345867,-0.572283,,,,,,SERTAD1
53,chr19,39477718,39477719,rs10423537_rs2353679,0.9485,rs2353679,rs10423537,ENSG00000197019,,,,0.000345867,-0.572283,,,,,,SERTAD1
54,chr19,39480074,39480075,rs7408712_rs2353679,0.9485,rs2353679,rs7408712,,,,,,,,,,,,
55,chr19,39481622,39481623,rs2288933_rs2353679,0.9485,rs2353679,rs2288933,ENSG00000197019,,,,0.000345867,-0.572283,,,,,,SERTAD1
56,chr19,39485823,39485824,rs4803245_rs2353679,0.9485,rs2353679,rs4803245,ENSG00000197019,,,,0.000345867,-0.572283,,,,,,SERTAD1
57,chr19,39486093,39486094,rs4803247_rs2353679,0.9485,rs2353679,rs4803247,ENSG00000197019,,,,0.000345867,-0.572283,,,,,,SERTAD1
58,chr19,39445861,39445862,rs61652935_rs2353679,0.9484,rs2353679,rs61652935,,,,,,,,,,,,
59,chr19,39456941,39456942,rs4803240_rs2353679,0.9484,rs2353679,rs4803240,ENSG00000197019,,,,0.000345867,-0.572283,,,,,,SERTAD1
60,chr19,39460445,39460446,rs2009970_rs2353679,0.9484,rs2353679,rs2009970,ENSG00000197019,,,,0.000345867,-0.572283,,,,,,SERTAD1
61,chr19,39460534,39460535,rs4591277_rs2353679,0.9484,rs2353679,rs4591277,,,,,,,,,,,,
62,chr19,39461365,39461366,rs61162984_rs2353679,0.9484,rs2353679,rs61162984,,,,,,,,,,,,
63,chr19,39461715,39461716,rs12983040_rs2353679,0.9484,rs2353679,rs12983040,ENSG00000197019,,,,0.000345867,-0.572283,,,,,,SERTAD1
64,chr19,39455515,39455516,rs73549933_rs2353679,0.9447,rs2353679,rs73549933,ENSG00000197019,,,,0.000345867,-0.572283,,,,,,SERTAD1
65,chr19,39491805,39491806,rs62120693_rs2353679,0.9447,rs2353679,rs62120693,,,,,,,,,,,,
66,chr19,39493863,39493864,rs61075059_rs2353679,0.9446,rs2353679,rs61075059,,,,,,,,,,,,
67,chr19,39448910,39448911,rs56832506_rs2353679,0.9445,rs2353679,rs56832506,,,,,,,,,,,,
68,chr19,39482500,39482501,rs934688397_rs2353679,0.9406,rs2353679,rs934688397,,,,,,,,,,,,
69,chr19,39492818,39492819,rs2060272_rs2353679,0.9406,rs2353679,rs2060272,ENSG00000197019,,,,0.000345867,-0.572283,,,,,,SERTAD1
70,chr19,39493592,39493593,rs6508865_rs2353679,0.9406,rs2353679,rs6508865,ENSG00000197019,,,,0.000345867,-0.572283,,,,,,SERTAD1
71,chr19,39450010,39450011,rs58639448_rs2353679,0.9406,rs2353679,rs58639448,,,,,,,,,,,,
72,chr19,39487009,39487010,rs56812217_rs2353679,0.9406,rs2353679,rs56812217,,,,,,,,,,,,
73,chr19,39487969,39487970,rs2079518418_rs2353679,0.9406,rs2353679,rs2079518418,,,,,,,,,,,,
74,chr19,39455524,39455525,rs73035416_rs2353679,0.9368,rs2353679,rs73035416,ENSG00000197019,,,,0.000767322,-0.54169,,,,,,SERTAD1
75,chr19,39455524,39455525,rs73035416_rs2353679,0.9368,rs2353679,rs73035416,ENSG00000196235,,,,,,,,,0.000753831,0.63349,SUPT5H
76,chr19,39486043,39486044,rs4803246_rs2353679,0.9331,rs2353679,rs4803246,ENSG00000197019,5.20929e-05,-0.657239,0.0518857,5.20929e-05,-0.657239,,,,,,SERTAD1
77,chr19,39451092,39451093,rs2079015736_rs2353679,0.9291,rs2353679,rs2079015736,,,,,,,,,,,,
78,chr19,39424996,39424997,rs520911_rs2353679,0.9266,rs2353679,rs520911,,,,,,,,,,,,
79,chr19,39504070,39504071,rs1110627_rs2353679,0.925,rs2353679,rs1110627,ENSG00000197019,,,,0.000158704,-0.618032,,,,,,SERTAD1
80,chr19,39419899,39419900,rs1600656510_rs2353679,0.925,rs2353679,rs1600656510,,,,,,,,,,,,
81,chr19,39425117,39425118,rs17858334_rs2353679,0.9193,rs2353679,rs17858334,,,,,,,,,,,,
82,chr19,39465597,39465598,rs61247634_rs2353679,0.9174,rs2353679,rs61247634,,,,,,,,,,,,
83,chr19,39509434,39509435,rs10412931_rs2353679,0.9134,rs2353679,rs10412931,ENSG00000197019,,,,0.000158704,-0.618032,,,,,,SERTAD1
84,chr19,39510954,39510955,rs60928149_rs2353679,0.9096,rs2353679,rs60928149,,,,,,,,,,,,
85,chr19,39456186,39456187,rs13345044_rs2353679,0.8948,rs2353679,rs13345044,,,,,,,,,,,,
86,chr19,39456404,39456405,rs1555742920_rs2353679,0.8656,rs2353679,rs1555742920,,,,,,,,,,,,
87,chr19,39478479,39478480,rs1529734_rs2353679,0.8357,rs2353679,rs1529734,,,,,,,,,,,,
88,chr19,39462535,39462536,rs10404004_rs2353679,0.8203,rs2353679,rs10404004,,,,,,,,,,,,
89,chr19,39494374,39494375,rs28620146_rs2353679,0.8198,rs2353679,rs28620146,,,,,,,,,,,,
90,chr19,39513103,39513104,rs61500648_rs2353679,0.8093,rs2353679,rs61500648,,,,,,,,,,,,
