,chr,start,end,name,score,loci,snp,peak_chr,peak_start,peak_end,peak_id,dist_phe_var_ATAC_perm_CD8,nom_pval_ATAC_perm_CD8,slope_ATAC_perm_CD8,adj_beta_pval_ATAC_perm_CD8,dist_phe_var_ATAC_nom_CD8,nom_pval_ATAC_nom_CD8,slope_ATAC_nom_CD8,dist_phe_var_ATAC_perm_CD4,nom_pval_ATAC_perm_CD4,slope_ATAC_perm_CD4,adj_beta_pval_ATAC_perm_CD4,dist_phe_var_ATAC_nom_CD4,nom_pval_ATAC_nom_CD4,slope_ATAC_nom_CD4
0,chr19,39440535,39440536,rs2353679_rs2353679,1.0,rs2353679,rs2353679,chr19,39430689.0,39431188.0,49349.0,,,,,9348.0,1.99875e-05,0.666315,,,,,,,
1,chr19,39440535,39440536,rs2353679_rs2353679,1.0,rs2353679,rs2353679,chr19,39440212.0,39440711.0,49351.0,,,,,0.0,4.37069e-16,1.07096,0.0,8.67741e-13,1.12234,1.07181e-09,0.0,8.67741e-13,1.12234
2,chr19,39440535,39440536,rs2353679_rs2353679,1.0,rs2353679,rs2353679,chr19,39502692.0,39503191.0,49357.0,,,,,-62156.0,3.80339e-10,0.905111,,,,,,,
3,chr19,39428897,39428898,rs251857_rs2353679,1.0,rs2353679,rs251857,chr19,39430689.0,39431188.0,49349.0,,,,,-1791.0,3.88981e-05,0.642557,,,,,,,
4,chr19,39428897,39428898,rs251857_rs2353679,1.0,rs2353679,rs251857,chr19,39440212.0,39440711.0,49351.0,,,,,-11314.0,1.57558e-14,1.03107,,,,,-11314.0,2.00634e-11,1.05664
5,chr19,39428897,39428898,rs251857_rs2353679,1.0,rs2353679,rs251857,chr19,39502692.0,39503191.0,49357.0,,,,,-73794.0,3.96514e-10,0.899864,,,,,,,
6,chr19,39428088,39428089,rs251859_rs2353679,1.0,rs2353679,rs251859,chr19,39430689.0,39431188.0,49349.0,,,,,-2600.0,3.88981e-05,0.642557,,,,,,,
7,chr19,39428088,39428089,rs251859_rs2353679,1.0,rs2353679,rs251859,chr19,39440212.0,39440711.0,49351.0,,,,,-12123.0,1.57558e-14,1.03107,,,,,-12123.0,2.00634e-11,1.05664
8,chr19,39428088,39428089,rs251859_rs2353679,1.0,rs2353679,rs251859,chr19,39502692.0,39503191.0,49357.0,,,,,-74603.0,3.96514e-10,0.899864,,,,,,,
9,chr19,39433488,39433489,rs566130_rs2353679,1.0,rs2353679,rs566130,chr19,39430689.0,39431188.0,49349.0,,,,,2301.0,3.88981e-05,0.642557,,,,,,,
10,chr19,39433488,39433489,rs566130_rs2353679,1.0,rs2353679,rs566130,chr19,39440212.0,39440711.0,49351.0,,,,,-6723.0,1.57558e-14,1.03107,,,,,-6723.0,2.00634e-11,1.05664
11,chr19,39433488,39433489,rs566130_rs2353679,1.0,rs2353679,rs566130,chr19,39502692.0,39503191.0,49357.0,,,,,-69203.0,3.96514e-10,0.899864,,,,,,,
12,chr19,39428184,39428185,rs251858_rs2353679,0.996,rs2353679,rs251858,chr19,39430689.0,39431188.0,49349.0,,,,,-2504.0,3.88981e-05,0.642557,,,,,,,
13,chr19,39428184,39428185,rs251858_rs2353679,0.996,rs2353679,rs251858,chr19,39440212.0,39440711.0,49351.0,,,,,-12027.0,1.57558e-14,1.03107,,,,,-12027.0,2.00634e-11,1.05664
14,chr19,39428184,39428185,rs251858_rs2353679,0.996,rs2353679,rs251858,chr19,39502692.0,39503191.0,49357.0,,,,,-74507.0,3.96514e-10,0.899864,,,,,,,
15,chr19,39427120,39427121,rs251860_rs2353679,0.996,rs2353679,rs251860,chr19,39430689.0,39431188.0,49349.0,,,,,-3568.0,3.88981e-05,0.642557,,,,,,,
16,chr19,39427120,39427121,rs251860_rs2353679,0.996,rs2353679,rs251860,chr19,39440212.0,39440711.0,49351.0,,,,,-13091.0,1.57558e-14,1.03107,,,,,-13091.0,2.00634e-11,1.05664
17,chr19,39427120,39427121,rs251860_rs2353679,0.996,rs2353679,rs251860,chr19,39502692.0,39503191.0,49357.0,,,,,-75571.0,3.96514e-10,0.899864,,,,,,,
18,chr19,39430838,39430839,rs251855_rs2353679,0.996,rs2353679,rs251855,chr19,39430689.0,39431188.0,49349.0,,,,,0.0,3.88981e-05,0.642557,,,,,,,
19,chr19,39430838,39430839,rs251855_rs2353679,0.996,rs2353679,rs251855,chr19,39440212.0,39440711.0,49351.0,,,,,-9373.0,1.57558e-14,1.03107,,,,,-9373.0,2.00634e-11,1.05664
20,chr19,39430838,39430839,rs251855_rs2353679,0.996,rs2353679,rs251855,chr19,39502692.0,39503191.0,49357.0,,,,,-71853.0,3.96514e-10,0.899864,,,,,,,
21,chr19,39435416,39435417,rs56809498_rs2353679,0.996,rs2353679,rs56809498,,,,,,,,,,,,,,,,,,
22,chr19,39438498,39438499,rs10407823_rs2353679,0.996,rs2353679,rs10407823,chr19,39430689.0,39431188.0,49349.0,,,,,7311.0,7.88161e-05,0.629944,,,,,,,
23,chr19,39438498,39438499,rs10407823_rs2353679,0.996,rs2353679,rs10407823,chr19,39440212.0,39440711.0,49351.0,,,,,-1713.0,9.02872e-14,1.02892,,,,,-1713.0,3.59445e-11,1.07366
24,chr19,39438498,39438499,rs10407823_rs2353679,0.996,rs2353679,rs10407823,chr19,39502692.0,39503191.0,49357.0,,,,,-64193.0,4.58511e-10,0.912193,,,,,,,
25,chr19,39431547,39431548,rs59866911_rs2353679,0.992,rs2353679,rs59866911,,,,,,,,,,,,,,,,,,
26,chr19,39440535,39440536,rs56947764_rs2353679,0.992,rs2353679,rs56947764,,,,,,,,,,,,,,,,,,
27,chr19,39441425,39441426,rs58148274_rs2353679,0.992,rs2353679,rs58148274,,,,,,,,,,,,,,,,,,
28,chr19,39430055,39430056,rs251856_rs2353679,0.992,rs2353679,rs251856,chr19,39430689.0,39431188.0,49349.0,,,,,-633.0,3.88981e-05,0.642557,,,,,,,
29,chr19,39430055,39430056,rs251856_rs2353679,0.992,rs2353679,rs251856,chr19,39440212.0,39440711.0,49351.0,,,,,-10156.0,1.57558e-14,1.03107,,,,,-10156.0,2.00634e-11,1.05664
30,chr19,39430055,39430056,rs251856_rs2353679,0.992,rs2353679,rs251856,chr19,39502692.0,39503191.0,49357.0,,,,,-72636.0,3.96514e-10,0.899864,,,,,,,
31,chr19,39440390,39440391,rs4390710_rs2353679,0.988,rs2353679,rs4390710,chr19,39430689.0,39431188.0,49349.0,,,,,9203.0,1.09922e-05,0.662596,,,,,,,
32,chr19,39440390,39440391,rs4390710_rs2353679,0.988,rs2353679,rs4390710,chr19,39440212.0,39440711.0,49351.0,,,,,0.0,4.24407e-15,1.01686,,,,,0.0,2.77813e-12,1.08223
33,chr19,39440390,39440391,rs4390710_rs2353679,0.988,rs2353679,rs4390710,chr19,39502692.0,39503191.0,49357.0,,,,,-62301.0,5.81173e-09,0.831131,,,,,,,
34,chr19,39440418,39440419,rs57862144_rs2353679,0.988,rs2353679,rs57862144,,,,,,,,,,,,,,,,,,
35,chr19,39442349,39442350,rs57807886_rs2353679,0.98,rs2353679,rs57807886,,,,,,,,,,,,,,,,,,
36,chr19,39425469,39425470,rs111585731_rs2353679,0.9682,rs2353679,rs111585731,,,,,,,,,,,,,,,,,,
37,chr19,39443510,39443511,rs8110134_rs2353679,0.9681,rs2353679,rs8110134,chr19,39430689.0,39431188.0,49349.0,,,,,12323.0,2.00021e-05,0.65553,,,,,,,
38,chr19,39443510,39443511,rs8110134_rs2353679,0.9681,rs2353679,rs8110134,chr19,39440212.0,39440711.0,49351.0,,,,,2800.0,8.97099e-16,1.04721,,,,,2800.0,7.0804e-12,1.07046
39,chr19,39443510,39443511,rs8110134_rs2353679,0.9681,rs2353679,rs8110134,chr19,39502692.0,39503191.0,49357.0,,,,,-59181.0,1.96289e-10,0.900865,,,,,,,
40,chr19,39443924,39443925,rs61457313_rs2353679,0.9681,rs2353679,rs61457313,,,,,,,,,,,,,,,,,,
41,chr19,39444701,39444702,rs57948367_rs2353679,0.9681,rs2353679,rs57948367,,,,,,,,,,,,,,,,,,
42,chr19,39445376,39445377,rs1865092_rs2353679,0.9681,rs2353679,rs1865092,chr19,39430689.0,39431188.0,49349.0,,,,,14189.0,2.00021e-05,0.65553,,,,,,,
43,chr19,39445376,39445377,rs1865092_rs2353679,0.9681,rs2353679,rs1865092,chr19,39440212.0,39440711.0,49351.0,,,,,4666.0,8.97099e-16,1.04721,,,,,4666.0,7.0804e-12,1.07046
44,chr19,39445376,39445377,rs1865092_rs2353679,0.9681,rs2353679,rs1865092,chr19,39502692.0,39503191.0,49357.0,,,,,-57315.0,1.96289e-10,0.900865,,,,,,,
45,chr19,39443993,39443994,rs12978954_rs2353679,0.9641,rs2353679,rs12978954,chr19,39430689.0,39431188.0,49349.0,,,,,12806.0,2.00021e-05,0.65553,,,,,,,
46,chr19,39443993,39443994,rs12978954_rs2353679,0.9641,rs2353679,rs12978954,chr19,39440212.0,39440711.0,49351.0,,,,,3283.0,8.97099e-16,1.04721,,,,,3283.0,7.0804e-12,1.07046
47,chr19,39443993,39443994,rs12978954_rs2353679,0.9641,rs2353679,rs12978954,chr19,39502692.0,39503191.0,49357.0,,,,,-58698.0,1.96289e-10,0.900865,,,,,,,
48,chr19,39444022,39444023,rs12979605_rs2353679,0.9641,rs2353679,rs12979605,chr19,39430689.0,39431188.0,49349.0,,,,,12835.0,2.00021e-05,0.65553,,,,,,,
49,chr19,39444022,39444023,rs12979605_rs2353679,0.9641,rs2353679,rs12979605,chr19,39440212.0,39440711.0,49351.0,,,,,3312.0,8.97099e-16,1.04721,,,,,3312.0,7.0804e-12,1.07046
50,chr19,39444022,39444023,rs12979605_rs2353679,0.9641,rs2353679,rs12979605,chr19,39502692.0,39503191.0,49357.0,,,,,-58669.0,1.96289e-10,0.900865,,,,,,,
51,chr19,39448206,39448207,rs60629934_rs2353679,0.9563,rs2353679,rs60629934,,,,,,,,,,,,,,,,,,
52,chr19,39451556,39451557,rs8107647_rs2353679,0.9563,rs2353679,rs8107647,chr19,39430689.0,39431188.0,49349.0,,,,,20369.0,3.78196e-05,0.633663,,,,,,,
53,chr19,39451556,39451557,rs8107647_rs2353679,0.9563,rs2353679,rs8107647,chr19,39440212.0,39440711.0,49351.0,,,,,10846.0,2.5492e-14,1.01046,,,,,10846.0,9.95836e-11,1.01144
54,chr19,39451556,39451557,rs8107647_rs2353679,0.9563,rs2353679,rs8107647,chr19,39502692.0,39503191.0,49357.0,,,,,-51135.0,1.9502e-10,0.897287,,,,,,,
55,chr19,39451928,39451929,rs56623527_rs2353679,0.9563,rs2353679,rs56623527,,,,,,,,,,,,,,,,,,
56,chr19,39476817,39476818,rs62120674_rs2353679,0.9525,rs2353679,rs62120674,,,,,,,,,,,,,,,,,,
57,chr19,39480981,39480982,rs2304221_rs2353679,0.9525,rs2353679,rs2304221,chr19,39430689.0,39431188.0,49349.0,,,,,49794.0,3.78196e-05,0.633663,,,,,,,
58,chr19,39480981,39480982,rs2304221_rs2353679,0.9525,rs2353679,rs2304221,chr19,39440212.0,39440711.0,49351.0,,,,,40271.0,2.5492e-14,1.01046,,,,,40271.0,9.95836e-11,1.01144
59,chr19,39480981,39480982,rs2304221_rs2353679,0.9525,rs2353679,rs2304221,chr19,39502692.0,39503191.0,49357.0,,,,,-21710.0,1.9502e-10,0.897287,,,,,,,
60,chr19,39483462,39483463,rs2288934_rs2353679,0.9525,rs2353679,rs2288934,chr19,39430689.0,39431188.0,49349.0,,,,,52275.0,3.78196e-05,0.633663,,,,,,,
61,chr19,39483462,39483463,rs2288934_rs2353679,0.9525,rs2353679,rs2288934,chr19,39440212.0,39440711.0,49351.0,,,,,42752.0,2.5492e-14,1.01046,,,,,42752.0,9.95836e-11,1.01144
62,chr19,39483462,39483463,rs2288934_rs2353679,0.9525,rs2353679,rs2288934,chr19,39502692.0,39503191.0,49357.0,,,,,-19229.0,1.9502e-10,0.897287,,,,,,,
63,chr19,39446052,39446053,rs2116932_rs2353679,0.9524,rs2353679,rs2116932,chr19,39430689.0,39431188.0,49349.0,,,,,14865.0,2.00021e-05,0.65553,,,,,,,
64,chr19,39446052,39446053,rs2116932_rs2353679,0.9524,rs2353679,rs2116932,chr19,39440212.0,39440711.0,49351.0,,,,,5342.0,8.97099e-16,1.04721,,,,,5342.0,7.0804e-12,1.07046
65,chr19,39446052,39446053,rs2116932_rs2353679,0.9524,rs2353679,rs2116932,chr19,39502692.0,39503191.0,49357.0,,,,,-56639.0,1.96289e-10,0.900865,,,,,,,
66,chr19,39446763,39446764,rs60460693_rs2353679,0.9524,rs2353679,rs60460693,,,,,,,,,,,,,,,,,,
67,chr19,39447468,39447469,rs4802027_rs2353679,0.9524,rs2353679,rs4802027,chr19,39430689.0,39431188.0,49349.0,,,,,16281.0,2.00021e-05,0.65553,,,,,,,
68,chr19,39447468,39447469,rs4802027_rs2353679,0.9524,rs2353679,rs4802027,chr19,39440212.0,39440711.0,49351.0,,,,,6758.0,8.97099e-16,1.04721,,,,,6758.0,7.0804e-12,1.07046
69,chr19,39447468,39447469,rs4802027_rs2353679,0.9524,rs2353679,rs4802027,chr19,39502692.0,39503191.0,49357.0,,,,,-55223.0,1.96289e-10,0.900865,,,,,,,
70,chr19,39447523,39447524,rs28649498_rs2353679,0.9524,rs2353679,rs28649498,chr19,39430689.0,39431188.0,49349.0,,,,,16336.0,2.00021e-05,0.65553,,,,,,,
71,chr19,39447523,39447524,rs28649498_rs2353679,0.9524,rs2353679,rs28649498,chr19,39440212.0,39440711.0,49351.0,,,,,6813.0,8.97099e-16,1.04721,,,,,6813.0,7.0804e-12,1.07046
72,chr19,39447523,39447524,rs28649498_rs2353679,0.9524,rs2353679,rs28649498,chr19,39502692.0,39503191.0,49357.0,,,,,-55168.0,1.96289e-10,0.900865,,,,,,,
73,chr19,39452364,39452365,rs1529732_rs2353679,0.9524,rs2353679,rs1529732,chr19,39430689.0,39431188.0,49349.0,,,,,21177.0,2.00021e-05,0.65553,,,,,,,
74,chr19,39452364,39452365,rs1529732_rs2353679,0.9524,rs2353679,rs1529732,chr19,39440212.0,39440711.0,49351.0,,,,,11654.0,8.97099e-16,1.04721,,,,,11654.0,7.0804e-12,1.07046
75,chr19,39452364,39452365,rs1529732_rs2353679,0.9524,rs2353679,rs1529732,chr19,39502692.0,39503191.0,49357.0,,,,,-50327.0,1.96289e-10,0.900865,,,,,,,
76,chr19,39453441,39453442,rs1130180_rs2353679,0.9524,rs2353679,rs1130180,chr19,39430689.0,39431188.0,49349.0,,,,,22254.0,2.00021e-05,0.65553,,,,,,,
77,chr19,39453441,39453442,rs1130180_rs2353679,0.9524,rs2353679,rs1130180,chr19,39440212.0,39440711.0,49351.0,,,,,12731.0,8.97099e-16,1.04721,,,,,12731.0,7.0804e-12,1.07046
78,chr19,39453441,39453442,rs1130180_rs2353679,0.9524,rs2353679,rs1130180,chr19,39502692.0,39503191.0,49357.0,,,,,-49250.0,1.96289e-10,0.900865,,,,,,,
79,chr19,39455194,39455195,rs7255253_rs2353679,0.9524,rs2353679,rs7255253,chr19,39430689.0,39431188.0,49349.0,,,,,24007.0,2.00021e-05,0.65553,,,,,,,
80,chr19,39455194,39455195,rs7255253_rs2353679,0.9524,rs2353679,rs7255253,chr19,39440212.0,39440711.0,49351.0,,,,,14484.0,8.97099e-16,1.04721,,,,,14484.0,7.0804e-12,1.07046
81,chr19,39455194,39455195,rs7255253_rs2353679,0.9524,rs2353679,rs7255253,chr19,39502692.0,39503191.0,49357.0,,,,,-47497.0,1.96289e-10,0.900865,,,,,,,
82,chr19,39456573,39456574,rs2060270_rs2353679,0.9524,rs2353679,rs2060270,chr19,39430689.0,39431188.0,49349.0,,,,,25386.0,3.78196e-05,0.633663,,,,,,,
83,chr19,39456573,39456574,rs2060270_rs2353679,0.9524,rs2353679,rs2060270,chr19,39440212.0,39440711.0,49351.0,,,,,15863.0,2.5492e-14,1.01046,,,,,15863.0,9.95836e-11,1.01144
84,chr19,39456573,39456574,rs2060270_rs2353679,0.9524,rs2353679,rs2060270,chr19,39502692.0,39503191.0,49357.0,,,,,-46118.0,1.9502e-10,0.897287,,,,,,,
85,chr19,39460669,39460670,rs6508863_rs2353679,0.9524,rs2353679,rs6508863,chr19,39430689.0,39431188.0,49349.0,,,,,29482.0,3.78196e-05,0.633663,,,,,,,
86,chr19,39460669,39460670,rs6508863_rs2353679,0.9524,rs2353679,rs6508863,chr19,39440212.0,39440711.0,49351.0,,,,,19959.0,2.5492e-14,1.01046,,,,,19959.0,9.95836e-11,1.01144
87,chr19,39460669,39460670,rs6508863_rs2353679,0.9524,rs2353679,rs6508863,chr19,39502692.0,39503191.0,49357.0,,,,,-42022.0,1.9502e-10,0.897287,,,,,,,
88,chr19,39464028,39464029,rs7251652_rs2353679,0.9524,rs2353679,rs7251652,chr19,39430689.0,39431188.0,49349.0,,,,,32841.0,3.78196e-05,0.633663,,,,,,,
89,chr19,39464028,39464029,rs7251652_rs2353679,0.9524,rs2353679,rs7251652,chr19,39440212.0,39440711.0,49351.0,,,,,23318.0,2.5492e-14,1.01046,,,,,23318.0,9.95836e-11,1.01144
90,chr19,39464028,39464029,rs7251652_rs2353679,0.9524,rs2353679,rs7251652,chr19,39502692.0,39503191.0,49357.0,,,,,-38663.0,1.9502e-10,0.897287,,,,,,,
91,chr19,39465150,39465151,rs12985750_rs2353679,0.9524,rs2353679,rs12985750,,,,,,,,,,,,,,,,,,
92,chr19,39491440,39491441,rs8111260_rs2353679,0.9486,rs2353679,rs8111260,chr19,39430689.0,39431188.0,49349.0,,,,,60253.0,3.78196e-05,0.633663,,,,,,,
93,chr19,39491440,39491441,rs8111260_rs2353679,0.9486,rs2353679,rs8111260,chr19,39440212.0,39440711.0,49351.0,,,,,50730.0,2.5492e-14,1.01046,,,,,50730.0,9.95836e-11,1.01144
94,chr19,39491440,39491441,rs8111260_rs2353679,0.9486,rs2353679,rs8111260,chr19,39502692.0,39503191.0,49357.0,,,,,-11251.0,1.9502e-10,0.897287,,,,,,,
95,chr19,39466153,39466154,rs12977051_rs2353679,0.9485,rs2353679,rs12977051,,,,,,,,,,,,,,,,,,
96,chr19,39472677,39472678,rs2304219_rs2353679,0.9485,rs2353679,rs2304219,chr19,39430689.0,39431188.0,49349.0,,,,,41490.0,3.78196e-05,0.633663,,,,,,,
97,chr19,39472677,39472678,rs2304219_rs2353679,0.9485,rs2353679,rs2304219,chr19,39440212.0,39440711.0,49351.0,,,,,31967.0,2.5492e-14,1.01046,,,,,31967.0,9.95836e-11,1.01144
98,chr19,39472677,39472678,rs2304219_rs2353679,0.9485,rs2353679,rs2304219,chr19,39502692.0,39503191.0,49357.0,,,,,-30014.0,1.9502e-10,0.897287,,,,,,,
99,chr19,39477718,39477719,rs10423537_rs2353679,0.9485,rs2353679,rs10423537,chr19,39430689.0,39431188.0,49349.0,,,,,46531.0,3.78196e-05,0.633663,,,,,,,
100,chr19,39477718,39477719,rs10423537_rs2353679,0.9485,rs2353679,rs10423537,chr19,39440212.0,39440711.0,49351.0,,,,,37008.0,2.5492e-14,1.01046,,,,,37008.0,9.95836e-11,1.01144
101,chr19,39477718,39477719,rs10423537_rs2353679,0.9485,rs2353679,rs10423537,chr19,39502692.0,39503191.0,49357.0,,,,,-24973.0,1.9502e-10,0.897287,,,,,,,
102,chr19,39480074,39480075,rs7408712_rs2353679,0.9485,rs2353679,rs7408712,,,,,,,,,,,,,,,,,,
103,chr19,39481622,39481623,rs2288933_rs2353679,0.9485,rs2353679,rs2288933,chr19,39430689.0,39431188.0,49349.0,,,,,50435.0,3.78196e-05,0.633663,,,,,,,
104,chr19,39481622,39481623,rs2288933_rs2353679,0.9485,rs2353679,rs2288933,chr19,39440212.0,39440711.0,49351.0,,,,,40912.0,2.5492e-14,1.01046,,,,,40912.0,9.95836e-11,1.01144
105,chr19,39481622,39481623,rs2288933_rs2353679,0.9485,rs2353679,rs2288933,chr19,39502692.0,39503191.0,49357.0,,,,,-21069.0,1.9502e-10,0.897287,,,,,,,
106,chr19,39485823,39485824,rs4803245_rs2353679,0.9485,rs2353679,rs4803245,chr19,39430689.0,39431188.0,49349.0,,,,,54636.0,3.78196e-05,0.633663,,,,,,,
107,chr19,39485823,39485824,rs4803245_rs2353679,0.9485,rs2353679,rs4803245,chr19,39440212.0,39440711.0,49351.0,,,,,45113.0,2.5492e-14,1.01046,,,,,45113.0,9.95836e-11,1.01144
108,chr19,39485823,39485824,rs4803245_rs2353679,0.9485,rs2353679,rs4803245,chr19,39502692.0,39503191.0,49357.0,,,,,-16868.0,1.9502e-10,0.897287,,,,,,,
109,chr19,39486093,39486094,rs4803247_rs2353679,0.9485,rs2353679,rs4803247,chr19,39430689.0,39431188.0,49349.0,,,,,54906.0,3.78196e-05,0.633663,,,,,,,
110,chr19,39486093,39486094,rs4803247_rs2353679,0.9485,rs2353679,rs4803247,chr19,39440212.0,39440711.0,49351.0,,,,,45383.0,2.5492e-14,1.01046,,,,,45383.0,9.95836e-11,1.01144
111,chr19,39486093,39486094,rs4803247_rs2353679,0.9485,rs2353679,rs4803247,chr19,39502692.0,39503191.0,49357.0,,,,,-16598.0,1.9502e-10,0.897287,,,,,,,
112,chr19,39445861,39445862,rs61652935_rs2353679,0.9484,rs2353679,rs61652935,,,,,,,,,,,,,,,,,,
113,chr19,39456941,39456942,rs4803240_rs2353679,0.9484,rs2353679,rs4803240,chr19,39430689.0,39431188.0,49349.0,,,,,25754.0,3.78196e-05,0.633663,,,,,,,
114,chr19,39456941,39456942,rs4803240_rs2353679,0.9484,rs2353679,rs4803240,chr19,39440212.0,39440711.0,49351.0,,,,,16231.0,2.5492e-14,1.01046,,,,,16231.0,9.95836e-11,1.01144
115,chr19,39456941,39456942,rs4803240_rs2353679,0.9484,rs2353679,rs4803240,chr19,39502692.0,39503191.0,49357.0,,,,,-45750.0,1.9502e-10,0.897287,,,,,,,
116,chr19,39460445,39460446,rs2009970_rs2353679,0.9484,rs2353679,rs2009970,chr19,39430689.0,39431188.0,49349.0,,,,,29258.0,3.78196e-05,0.633663,,,,,,,
117,chr19,39460445,39460446,rs2009970_rs2353679,0.9484,rs2353679,rs2009970,chr19,39440212.0,39440711.0,49351.0,,,,,19735.0,2.5492e-14,1.01046,,,,,19735.0,9.95836e-11,1.01144
118,chr19,39460445,39460446,rs2009970_rs2353679,0.9484,rs2353679,rs2009970,chr19,39502692.0,39503191.0,49357.0,,,,,-42246.0,1.9502e-10,0.897287,,,,,,,
119,chr19,39460534,39460535,rs4591277_rs2353679,0.9484,rs2353679,rs4591277,,,,,,,,,,,,,,,,,,
120,chr19,39461365,39461366,rs61162984_rs2353679,0.9484,rs2353679,rs61162984,,,,,,,,,,,,,,,,,,
121,chr19,39461715,39461716,rs12983040_rs2353679,0.9484,rs2353679,rs12983040,chr19,39430689.0,39431188.0,49349.0,,,,,30528.0,3.78196e-05,0.633663,,,,,,,
122,chr19,39461715,39461716,rs12983040_rs2353679,0.9484,rs2353679,rs12983040,chr19,39440212.0,39440711.0,49351.0,,,,,21005.0,2.5492e-14,1.01046,,,,,21005.0,9.95836e-11,1.01144
123,chr19,39461715,39461716,rs12983040_rs2353679,0.9484,rs2353679,rs12983040,chr19,39502692.0,39503191.0,49357.0,,,,,-40976.0,1.9502e-10,0.897287,,,,,,,
124,chr19,39455515,39455516,rs73549933_rs2353679,0.9447,rs2353679,rs73549933,chr19,39430689.0,39431188.0,49349.0,,,,,24328.0,3.78196e-05,0.633663,,,,,,,
125,chr19,39455515,39455516,rs73549933_rs2353679,0.9447,rs2353679,rs73549933,chr19,39440212.0,39440711.0,49351.0,,,,,14805.0,2.5492e-14,1.01046,,,,,14805.0,9.95836e-11,1.01144
126,chr19,39455515,39455516,rs73549933_rs2353679,0.9447,rs2353679,rs73549933,chr19,39502692.0,39503191.0,49357.0,,,,,-47176.0,1.9502e-10,0.897287,,,,,,,
127,chr19,39491805,39491806,rs62120693_rs2353679,0.9447,rs2353679,rs62120693,,,,,,,,,,,,,,,,,,
128,chr19,39493863,39493864,rs61075059_rs2353679,0.9446,rs2353679,rs61075059,,,,,,,,,,,,,,,,,,
129,chr19,39448910,39448911,rs56832506_rs2353679,0.9445,rs2353679,rs56832506,,,,,,,,,,,,,,,,,,
130,chr19,39482500,39482501,rs934688397_rs2353679,0.9406,rs2353679,rs934688397,,,,,,,,,,,,,,,,,,
131,chr19,39492818,39492819,rs2060272_rs2353679,0.9406,rs2353679,rs2060272,chr19,39430689.0,39431188.0,49349.0,,,,,61631.0,3.78196e-05,0.633663,,,,,,,
132,chr19,39492818,39492819,rs2060272_rs2353679,0.9406,rs2353679,rs2060272,chr19,39440212.0,39440711.0,49351.0,,,,,52108.0,2.5492e-14,1.01046,,,,,52108.0,9.95836e-11,1.01144
133,chr19,39492818,39492819,rs2060272_rs2353679,0.9406,rs2353679,rs2060272,chr19,39502692.0,39503191.0,49357.0,,,,,-9873.0,1.9502e-10,0.897287,,,,,,,
134,chr19,39493592,39493593,rs6508865_rs2353679,0.9406,rs2353679,rs6508865,chr19,39430689.0,39431188.0,49349.0,,,,,62405.0,3.78196e-05,0.633663,,,,,,,
135,chr19,39493592,39493593,rs6508865_rs2353679,0.9406,rs2353679,rs6508865,chr19,39440212.0,39440711.0,49351.0,,,,,52882.0,2.5492e-14,1.01046,,,,,52882.0,9.95836e-11,1.01144
136,chr19,39493592,39493593,rs6508865_rs2353679,0.9406,rs2353679,rs6508865,chr19,39502692.0,39503191.0,49357.0,,,,,-9099.0,1.9502e-10,0.897287,,,,,,,
137,chr19,39450010,39450011,rs58639448_rs2353679,0.9406,rs2353679,rs58639448,,,,,,,,,,,,,,,,,,
138,chr19,39487009,39487010,rs56812217_rs2353679,0.9406,rs2353679,rs56812217,,,,,,,,,,,,,,,,,,
139,chr19,39487969,39487970,rs2079518418_rs2353679,0.9406,rs2353679,rs2079518418,,,,,,,,,,,,,,,,,,
140,chr19,39455524,39455525,rs73035416_rs2353679,0.9368,rs2353679,rs73035416,chr19,39430689.0,39431188.0,49349.0,,,,,24337.0,2.00021e-05,0.65553,,,,,,,
141,chr19,39455524,39455525,rs73035416_rs2353679,0.9368,rs2353679,rs73035416,chr19,39440212.0,39440711.0,49351.0,,,,,14814.0,8.97099e-16,1.04721,,,,,14814.0,7.0804e-12,1.07046
142,chr19,39455524,39455525,rs73035416_rs2353679,0.9368,rs2353679,rs73035416,chr19,39502692.0,39503191.0,49357.0,,,,,-47167.0,1.96289e-10,0.900865,,,,,,,
143,chr19,39486043,39486044,rs4803246_rs2353679,0.9331,rs2353679,rs4803246,chr19,39430689.0,39431188.0,49349.0,,,,,54856.0,0.000423587,0.565427,,,,,,,
144,chr19,39486043,39486044,rs4803246_rs2353679,0.9331,rs2353679,rs4803246,chr19,39440212.0,39440711.0,49351.0,,,,,45333.0,1.225e-12,0.990939,,,,,45333.0,1.11766e-09,0.989133
145,chr19,39486043,39486044,rs4803246_rs2353679,0.9331,rs2353679,rs4803246,chr19,39502692.0,39503191.0,49357.0,,,,,-16648.0,4.97403e-10,0.904585,,,,,,,
146,chr19,39451092,39451093,rs2079015736_rs2353679,0.9291,rs2353679,rs2079015736,,,,,,,,,,,,,,,,,,
147,chr19,39424996,39424997,rs520911_rs2353679,0.9266,rs2353679,rs520911,,,,,,,,,,,,,,,,,,
148,chr19,39504070,39504071,rs1110627_rs2353679,0.925,rs2353679,rs1110627,chr19,39430689.0,39431188.0,49349.0,,,,,72883.0,0.000187696,0.597143,,,,,,,
149,chr19,39504070,39504071,rs1110627_rs2353679,0.925,rs2353679,rs1110627,chr19,39440212.0,39440711.0,49351.0,,,,,63360.0,2.85104e-13,1.01124,,,,,63360.0,1.89524e-10,1.02403
150,chr19,39504070,39504071,rs1110627_rs2353679,0.925,rs2353679,rs1110627,chr19,39502692.0,39503191.0,49357.0,,,,,880.0,3.70538e-10,0.911747,,,,,,,
151,chr19,39419899,39419900,rs1600656510_rs2353679,0.925,rs2353679,rs1600656510,,,,,,,,,,,,,,,,,,
152,chr19,39425117,39425118,rs17858334_rs2353679,0.9193,rs2353679,rs17858334,,,,,,,,,,,,,,,,,,
153,chr19,39465597,39465598,rs61247634_rs2353679,0.9174,rs2353679,rs61247634,,,,,,,,,,,,,,,,,,
154,chr19,39509434,39509435,rs10412931_rs2353679,0.9134,rs2353679,rs10412931,chr19,39430689.0,39431188.0,49349.0,,,,,78247.0,0.000187696,0.597143,,,,,,,
155,chr19,39509434,39509435,rs10412931_rs2353679,0.9134,rs2353679,rs10412931,chr19,39440212.0,39440711.0,49351.0,,,,,68724.0,2.85104e-13,1.01124,,,,,68724.0,1.89524e-10,1.02403
156,chr19,39509434,39509435,rs10412931_rs2353679,0.9134,rs2353679,rs10412931,chr19,39502692.0,39503191.0,49357.0,,,,,6244.0,3.70538e-10,0.911747,,,,,,,
157,chr19,39510954,39510955,rs60928149_rs2353679,0.9096,rs2353679,rs60928149,,,,,,,,,,,,,,,,,,
158,chr19,39456186,39456187,rs13345044_rs2353679,0.8948,rs2353679,rs13345044,,,,,,,,,,,,,,,,,,
159,chr19,39456404,39456405,rs1555742920_rs2353679,0.8656,rs2353679,rs1555742920,,,,,,,,,,,,,,,,,,
160,chr19,39478479,39478480,rs1529734_rs2353679,0.8357,rs2353679,rs1529734,,,,,,,,,,,,,,,,,,
161,chr19,39462535,39462536,rs10404004_rs2353679,0.8203,rs2353679,rs10404004,chr19,39440212.0,39440711.0,49351.0,,,,,21825.0,6.47456e-09,0.80456,,,,,21825.0,1.50567e-07,0.850057
162,chr19,39462535,39462536,rs10404004_rs2353679,0.8203,rs2353679,rs10404004,chr19,39502692.0,39503191.0,49357.0,,,,,-40156.0,1.71632e-07,0.741819,,,,,,,
163,chr19,39494374,39494375,rs28620146_rs2353679,0.8198,rs2353679,rs28620146,chr19,39430689.0,39431188.0,49349.0,,,,,63187.0,0.000256016,0.559947,,,,,,,
164,chr19,39494374,39494375,rs28620146_rs2353679,0.8198,rs2353679,rs28620146,chr19,39440212.0,39440711.0,49351.0,,,,,53664.0,2.04492e-10,0.880555,,,,,53664.0,2.76329e-09,0.920884
165,chr19,39494374,39494375,rs28620146_rs2353679,0.8198,rs2353679,rs28620146,chr19,39502692.0,39503191.0,49357.0,,,,,-8317.0,2.93991e-07,0.747694,,,,,,,
166,chr19,39513103,39513104,rs61500648_rs2353679,0.8093,rs2353679,rs61500648,,,,,,,,,,,,,,,,,,
