,chr,start,end,name,score,loci,snp,peak_chr,peak_start,peak_end,peak_id,dist_phe_var_ATAC_perm_CD8,nom_pval_ATAC_perm_CD8,slope_ATAC_perm_CD8,adj_beta_pval_ATAC_perm_CD8,FDR_ATAC_perm_CD8,dist_phe_var_ATAC_nom_CD8,nom_pval_ATAC_nom_CD8,slope_ATAC_nom_CD8,dist_phe_var_ATAC_perm_CD4,nom_pval_ATAC_perm_CD4,slope_ATAC_perm_CD4,adj_beta_pval_ATAC_perm_CD4,FDR_ATAC_perm_CD4,dist_phe_var_ATAC_nom_CD4,nom_pval_ATAC_nom_CD4,slope_ATAC_nom_CD4
0,chr1,24944080,24944081,rs1395621_rs1395621,1.0,rs1395621,rs1395621,,,,,,,,,,,,,,,,,,,,
1,chr1,67134215,67134216,rs12068633_rs12044149,0.805741,rs12044149,rs12068633,chr1,67134734.0,67135233.0,3704.0,,,,,,-518.0,5.62342e-07,-0.890015,,,,,,-518.0,0.00012071,-0.798063
2,chr1,67134215,67134216,rs12068633_rs12044149,0.805741,rs12044149,rs12068633,chr1,67162862.0,67163361.0,3708.0,,,,,,,,,-28646.0,0.000509674,-0.731513,0.304581,0.7605488468692908,-28646.0,0.000509674,-0.731513
3,chr1,67134215,67134216,rs12068633_rs12044149,0.805741,rs12044149,rs12068633,chr1,67261606.0,67262105.0,3715.0,,,,,,,,,,,,,,-127390.0,7.42531e-06,-0.905624
4,chr1,67135002,67135003,rs12044149_rs12044149,1.0,rs12044149,rs12044149,chr1,67134734.0,67135233.0,3704.0,,,,,,0.0,5.92013e-07,-0.848256,0.0,7.02024e-06,-0.877365,0.00811669,0.1289727458544685,0.0,7.02024e-06,-0.877365
5,chr1,67135002,67135003,rs12044149_rs12044149,1.0,rs12044149,rs12044149,chr1,67261606.0,67262105.0,3715.0,,,,,,,,,-126603.0,8.16295e-07,-0.943454,0.00138757,0.0322710451337016,-126603.0,8.16295e-07,-0.943454
6,chr1,67135448,67135449,rs11209003_rs12044149,0.813875,rs12044149,rs11209003,chr1,67134734.0,67135233.0,3704.0,216.0,3.00958e-07,-0.89933,0.000405217,0.0088842983047916,216.0,3.00958e-07,-0.89933,,,,,,216.0,9.25601e-05,-0.779577
7,chr1,67135448,67135449,rs11209003_rs12044149,0.813875,rs12044149,rs11209003,chr1,67162862.0,67163361.0,3708.0,,,,,,,,,,,,,,-27413.0,0.000618823,-0.695224
8,chr1,67135448,67135449,rs11209003_rs12044149,0.813875,rs12044149,rs11209003,chr1,67261606.0,67262105.0,3715.0,,,,,,,,,,,,,,-126157.0,1.77007e-05,-0.842423
9,chr1,67138535,67138536,rs12060309_rs12044149,0.809794,rs12044149,rs12060309,chr1,67134734.0,67135233.0,3704.0,,,,,,3303.0,3.00958e-07,-0.89933,,,,,,3303.0,9.25601e-05,-0.779577
10,chr1,67138535,67138536,rs12060309_rs12044149,0.809794,rs12044149,rs12060309,chr1,67162862.0,67163361.0,3708.0,,,,,,,,,,,,,,-24326.0,0.000618823,-0.695224
11,chr1,67138535,67138536,rs12060309_rs12044149,0.809794,rs12044149,rs12060309,chr1,67261606.0,67262105.0,3715.0,,,,,,,,,,,,,,-123070.0,1.77007e-05,-0.842423
12,chr12,56229562,56229563,rs57343616_rs2020854,0.834225,rs2020854,rs57343616,,,,,,,,,,,,,,,,,,,,
13,chr12,56231908,56231909,rs1274496_rs2020854,0.8962370000000001,rs2020854,rs1274496,,,,,,,,,,,,,,,,,,,,
14,chr12,56233515,56233516,rs77415512_rs2020854,0.834225,rs2020854,rs77415512,,,,,,,,,,,,,,,,,,,,
15,chr12,56233834,56233835,rs75274818_rs2020854,0.86516,rs2020854,rs75274818,,,,,,,,,,,,,,,,,,,,
16,chr12,56233867,56233868,rs76745316_rs2020854,0.834225,rs2020854,rs76745316,,,,,,,,,,,,,,,,,,,,
17,chr12,56234593,56234594,rs1295772_rs2020854,0.8962370000000001,rs2020854,rs1295772,,,,,,,,,,,,,,,,,,,,
18,chr12,56236282,56236283,rs17118403_rs2020854,0.834225,rs2020854,rs17118403,,,,,,,,,,,,,,,,,,,,
19,chr12,56236979,56236980,rs17118409_rs2020854,0.834225,rs2020854,rs17118409,,,,,,,,,,,,,,,,,,,,
20,chr12,56240854,56240855,rs35526714_rs2020854,0.803433,rs2020854,rs35526714,,,,,,,,,,,,,,,,,,,,
21,chr12,56241295,56241296,rs78495928_rs2020854,0.834225,rs2020854,rs78495928,,,,,,,,,,,,,,,,,,,,
22,chr12,56243190,56243191,rs59626664_rs2020854,0.834225,rs2020854,rs59626664,,,,,,,,,,,,,,,,,,,,
23,chr12,56244292,56244293,rs74673257_rs2020854,0.834225,rs2020854,rs74673257,,,,,,,,,,,,,,,,,,,,
24,chr12,56244482,56244483,rs117683816_rs2020854,0.834225,rs2020854,rs117683816,,,,,,,,,,,,,,,,,,,,
25,chr12,56246556,56246557,rs75265219_rs2020854,0.834225,rs2020854,rs75265219,,,,,,,,,,,,,,,,,,,,
26,chr12,56247101,56247102,rs2629452_rs2020854,0.8962370000000001,rs2020854,rs2629452,,,,,,,,,,,,,,,,,,,,
27,chr12,56249899,56249900,rs60913149_rs2020854,0.834225,rs2020854,rs60913149,,,,,,,,,,,,,,,,,,,,
28,chr12,56250466,56250467,rs79718165_rs2020854,0.8621040000000001,rs2020854,rs79718165,,,,,,,,,,,,,,,,,,,,
29,chr12,56251101,56251102,rs59822547_rs2020854,0.893022,rs2020854,rs59822547,,,,,,,,,,,,,,,,,,,,
30,chr12,56252428,56252429,rs77120931_rs2020854,0.893022,rs2020854,rs77120931,,,,,,,,,,,,,,,,,,,,
31,chr12,56253458,56253459,rs2371454_rs2020854,0.8621040000000001,rs2020854,rs2371454,,,,,,,,,,,,,,,,,,,,
32,chr12,56254126,56254127,rs808919_rs2020854,0.8962370000000001,rs2020854,rs808919,,,,,,,,,,,,,,,,,,,,
33,chr12,56254992,56254993,rs871130_rs2020854,0.8621040000000001,rs2020854,rs871130,,,,,,,,,,,,,,,,,,,,
34,chr12,56255816,56255817,rs1274490_rs2020854,0.924075,rs2020854,rs1274490,,,,,,,,,,,,,,,,,,,,
35,chr12,56259509,56259510,rs138540086_rs2020854,0.892114,rs2020854,rs138540086,,,,,,,,,,,,,,,,,,,,
36,chr12,56259775,56259776,rs149241310_rs2020854,0.8775459999999999,rs2020854,rs149241310,,,,,,,,,,,,,,,,,,,,
37,chr12,56260129,56260130,rs138479608_rs2020854,0.892114,rs2020854,rs138479608,,,,,,,,,,,,,,,,,,,,
38,chr12,56262480,56262481,rs149980726_rs2020854,0.892114,rs2020854,rs149980726,,,,,,,,,,,,,,,,,,,,
39,chr12,56263431,56263432,rs111885088_rs2020854,0.92307,rs2020854,rs111885088,,,,,,,,,,,,,,,,,,,,
40,chr12,56264103,56264104,rs117305040_rs2020854,0.892114,rs2020854,rs117305040,,,,,,,,,,,,,,,,,,,,
41,chr12,56264923,56264924,rs59917308_rs2020854,0.892114,rs2020854,rs59917308,,,,,,,,,,,,,,,,,,,,
42,chr12,56265535,56265536,rs76151170_rs2020854,0.92307,rs2020854,rs76151170,,,,,,,,,,,,,,,,,,,,
43,chr12,56267120,56267121,rs60542959_rs2020854,0.892114,rs2020854,rs60542959,,,,,,,,,,,,,,,,,,,,
44,chr12,56270446,56270447,rs77131854_rs2020854,0.892114,rs2020854,rs77131854,,,,,,,,,,,,,,,,,,,,
45,chr12,56273315,56273316,rs17118431_rs2020854,0.92307,rs2020854,rs17118431,,,,,,,,,,,,,,,,,,,,
46,chr12,56273513,56273514,rs744051_rs2020854,0.892114,rs2020854,rs744051,,,,,,,,,,,,,,,,,,,,
47,chr12,56273819,56273820,rs17118439_rs2020854,0.892114,rs2020854,rs17118439,,,,,,,,,,,,,,,,,,,,
48,chr12,56274109,56274110,rs112931321_rs2020854,0.92307,rs2020854,rs112931321,,,,,,,,,,,,,,,,,,,,
49,chr12,56277201,56277202,rs5798367_rs2020854,0.898481,rs2020854,rs5798367,,,,,,,,,,,,,,,,,,,,
50,chr12,56277362,56277363,rs182963805_rs2020854,0.892114,rs2020854,rs182963805,,,,,,,,,,,,,,,,,,,,
51,chr12,56277425,56277426,rs185890383_rs2020854,0.92307,rs2020854,rs185890383,,,,,,,,,,,,,,,,,,,,
52,chr12,56278321,56278322,rs138155346_rs2020854,0.892114,rs2020854,rs138155346,,,,,,,,,,,,,,,,,,,,
53,chr12,56280981,56280982,rs773652_rs2020854,0.954161,rs2020854,rs773652,,,,,,,,,,,,,,,,,,,,
54,chr12,56283032,56283033,rs34111839_rs2020854,0.892114,rs2020854,rs34111839,,,,,,,,,,,,,,,,,,,,
55,chr12,56283476,56283477,rs144487456_rs2020854,0.892114,rs2020854,rs144487456,,,,,,,,,,,,,,,,,,,,
56,chr12,56284194,56284195,rs118130855_rs2020854,0.892114,rs2020854,rs118130855,,,,,,,,,,,,,,,,,,,,
57,chr12,56284550,56284551,rs150931789_rs2020854,0.892114,rs2020854,rs150931789,,,,,,,,,,,,,,,,,,,,
58,chr12,56285966,56285967,rs1802236_rs2020854,0.92307,rs2020854,rs1802236,,,,,,,,,,,,,,,,,,,,
59,chr12,56286186,56286187,rs77032009_rs2020854,0.92307,rs2020854,rs77032009,,,,,,,,,,,,,,,,,,,,
60,chr12,56286746,56286747,rs2306693_rs2020854,0.92307,rs2020854,rs2306693,,,,,,,,,,,,,,,,,,,,
61,chr12,56286851,56286852,rs2306694_rs2020854,0.892114,rs2020854,rs2306694,,,,,,,,,,,,,,,,,,,,
62,chr12,56288586,56288587,rs1274493_rs2020854,0.954161,rs2020854,rs1274493,,,,,,,,,,,,,,,,,,,,
63,chr12,56288816,56288817,rs10711668_rs2020854,0.92307,rs2020854,rs10711668,,,,,,,,,,,,,,,,,,,,
64,chr12,56290190,56290191,rs116849218_rs2020854,0.892114,rs2020854,rs116849218,,,,,,,,,,,,,,,,,,,,
65,chr12,56290711,56290712,rs36207871_rs2020854,0.954161,rs2020854,rs36207871,,,,,,,,,,,,,,,,,,,,
66,chr12,56290872,56290873,rs148605139_rs2020854,0.892114,rs2020854,rs148605139,,,,,,,,,,,,,,,,,,,,
67,chr12,56291013,56291014,rs78121408_rs2020854,0.92307,rs2020854,rs78121408,,,,,,,,,,,,,,,,,,,,
68,chr12,56293212,56293213,rs79436528_rs2020854,0.892114,rs2020854,rs79436528,,,,,,,,,,,,,,,,,,,,
69,chr12,56293674,56293675,rs140488289_rs2020854,0.92307,rs2020854,rs140488289,,,,,,,,,,,,,,,,,,,,
70,chr12,56293787,56293788,rs77853814_rs2020854,0.892114,rs2020854,rs77853814,,,,,,,,,,,,,,,,,,,,
71,chr12,56294452,56294453,rs184104056_rs2020854,0.892114,rs2020854,rs184104056,,,,,,,,,,,,,,,,,,,,
72,chr12,56295750,56295751,rs181006907_rs2020854,0.892114,rs2020854,rs181006907,,,,,,,,,,,,,,,,,,,,
73,chr12,56295940,56295941,rs2643623_rs2020854,0.954161,rs2020854,rs2643623,,,,,,,,,,,,,,,,,,,,
74,chr12,56296877,56296878,rs77447765_rs2020854,0.92307,rs2020854,rs77447765,,,,,,,,,,,,,,,,,,,,
75,chr12,56297988,56297989,rs113382723_rs2020854,0.892892,rs2020854,rs113382723,,,,,,,,,,,,,,,,,,,,
76,chr12,56299735,56299736,rs41423244_rs2020854,0.892114,rs2020854,rs41423244,,,,,,,,,,,,,,,,,,,,
77,chr12,56300476,56300477,rs2695789_rs2020854,0.954161,rs2020854,rs2695789,,,,,,,,,,,,,,,,,,,,
78,chr12,56301032,56301033,rs78149779_rs2020854,0.92307,rs2020854,rs78149779,,,,,,,,,,,,,,,,,,,,
79,chr12,56301675,56301676,rs61338787_rs2020854,0.892114,rs2020854,rs61338787,,,,,,,,,,,,,,,,,,,,
80,chr12,56302169,56302170,rs59811639_rs2020854,0.892114,rs2020854,rs59811639,,,,,,,,,,,,,,,,,,,,
81,chr12,56302271,56302272,rs41363748_rs2020854,0.892114,rs2020854,rs41363748,,,,,,,,,,,,,,,,,,,,
82,chr12,56302760,56302761,rs116934693_rs2020854,0.8233719999999999,rs2020854,rs116934693,,,,,,,,,,,,,,,,,,,,
83,chr12,56302957,56302958,rs41392645_rs2020854,0.92307,rs2020854,rs41392645,,,,,,,,,,,,,,,,,,,,
84,chr12,56303325,56303326,rs2695788_rs2020854,0.92555,rs2020854,rs2695788,,,,,,,,,,,,,,,,,,,,
85,chr12,56304418,56304419,rs141303458_rs2020854,0.92307,rs2020854,rs141303458,,,,,,,,,,,,,,,,,,,,
86,chr12,56305175,56305176,rs57279772_rs2020854,0.892114,rs2020854,rs57279772,,,,,,,,,,,,,,,,,,,,
87,chr12,56305838,56305839,rs10876882_rs2020854,0.925548,rs2020854,rs10876882,,,,,,,,,,,,,,,,,,,,
88,chr12,56306208,56306209,rs76430365_rs2020854,0.892114,rs2020854,rs76430365,,,,,,,,,,,,,,,,,,,,
89,chr12,56307024,56307025,rs2629447_rs2020854,0.954161,rs2020854,rs2629447,,,,,,,,,,,,,,,,,,,,
90,chr12,56307594,56307595,rs60192809_rs2020854,0.892114,rs2020854,rs60192809,,,,,,,,,,,,,,,,,,,,
91,chr12,56308087,56308088,rs703830_rs2020854,0.954161,rs2020854,rs703830,,,,,,,,,,,,,,,,,,,,
92,chr12,56308227,56308228,rs79750959_rs2020854,0.892114,rs2020854,rs79750959,,,,,,,,,,,,,,,,,,,,
93,chr12,56308391,56308392,rs773664_rs2020854,0.954161,rs2020854,rs773664,,,,,,,,,,,,,,,,,,,,
94,chr12,56312393,56312394,rs62956461_rs2020854,0.954161,rs2020854,rs62956461,,,,,,,,,,,,,,,,,,,,
95,chr12,56312636,56312637,rs150955176_rs2020854,0.892114,rs2020854,rs150955176,,,,,,,,,,,,,,,,,,,,
96,chr12,56313137,56313138,rs58852079_rs2020854,0.892114,rs2020854,rs58852079,,,,,,,,,,,,,,,,,,,,
97,chr12,56314791,56314792,rs59295315_rs2020854,0.892114,rs2020854,rs59295315,,,,,,,,,,,,,,,,,,,,
98,chr12,56321799,56321800,rs145286577_rs2020854,0.892114,rs2020854,rs145286577,,,,,,,,,,,,,,,,,,,,
99,chr12,56323681,56323682,rs773665_rs2020854,0.954161,rs2020854,rs773665,,,,,,,,,,,,,,,,,,,,
100,chr12,56324020,56324021,rs2291361_rs2020854,0.892114,rs2020854,rs2291361,,,,,,,,,,,,,,,,,,,,
101,chr12,56324637,56324638,rs11171803_rs2020854,0.892114,rs2020854,rs11171803,,,,,,,,,,,,,,,,,,,,
102,chr12,56325665,56325666,rs76466034_rs2020854,0.892114,rs2020854,rs76466034,,,,,,,,,,,,,,,,,,,,
103,chr12,56329045,56329046,rs2695782_rs2020854,0.954161,rs2020854,rs2695782,,,,,,,,,,,,,,,,,,,,
104,chr12,56329801,56329802,rs149209614_rs2020854,0.92307,rs2020854,rs149209614,,,,,,,,,,,,,,,,,,,,
105,chr12,56329934,56329935,rs143405823_rs2020854,0.892114,rs2020854,rs143405823,,,,,,,,,,,,,,,,,,,,
106,chr12,56330548,56330549,rs192026667_rs2020854,0.892114,rs2020854,rs192026667,,,,,,,,,,,,,,,,,,,,
107,chr12,56331336,56331337,rs77768890_rs2020854,0.892114,rs2020854,rs77768890,,,,,,,,,,,,,,,,,,,,
108,chr12,56332196,56332197,rs142837313_rs2020854,0.892114,rs2020854,rs142837313,,,,,,,,,,,,,,,,,,,,
109,chr12,56332555,56332556,rs74496027_rs2020854,0.92307,rs2020854,rs74496027,,,,,,,,,,,,,,,,,,,,
110,chr12,56332564,56332565,rs75754909_rs2020854,0.892114,rs2020854,rs75754909,,,,,,,,,,,,,,,,,,,,
111,chr12,56332733,56332734,rs2643626_rs2020854,0.939653,rs2020854,rs2643626,,,,,,,,,,,,,,,,,,,,
112,chr12,56333920,56333921,rs80317430_rs2020854,0.892114,rs2020854,rs80317430,,,,,,,,,,,,,,,,,,,,
113,chr12,56334215,56334216,rs2371494_rs2020854,0.954161,rs2020854,rs2371494,,,,,,,,,,,,,,,,,,,,
114,chr12,56334352,56334353,rs79824801_rs2020854,0.892114,rs2020854,rs79824801,,,,,,,,,,,,,,,,,,,,
115,chr12,56334473,56334474,rs11358218_rs2020854,0.954161,rs2020854,rs11358218,,,,,,,,,,,,,,,,,,,,
116,chr12,56335954,56335955,rs79101914_rs2020854,0.892114,rs2020854,rs79101914,,,,,,,,,,,,,,,,,,,,
117,chr12,56336642,56336643,rs35157967_rs2020854,0.892114,rs2020854,rs35157967,,,,,,,,,,,,,,,,,,,,
118,chr12,56337292,56337293,rs111492967_rs2020854,0.954161,rs2020854,rs111492967,,,,,,,,,,,,,,,,,,,,
119,chr12,56339746,56339747,rs11171806_rs2020854,0.892114,rs2020854,rs11171806,,,,,,,,,,,,,,,,,,,,
120,chr12,56342205,56342206,rs11575248_rs2020854,0.892114,rs2020854,rs11575248,,,,,,,,,,,,,,,,,,,,
121,chr12,56344188,56344189,rs2066808_rs2020854,0.954161,rs2020854,rs2066808,,,,,,,,,,,,,,,,,,,,
122,chr12,56345006,56345007,rs111914426_rs2020854,0.925548,rs2020854,rs111914426,,,,,,,,,,,,,,,,,,,,
123,chr12,56345031,56345032,rs201230143_rs2020854,0.892114,rs2020854,rs201230143,,,,,,,,,,,,,,,,,,,,
124,chr12,56345476,56345477,rs116535779_rs2020854,0.954161,rs2020854,rs116535779,,,,,,,,,,,,,,,,,,,,
125,chr12,56345772,56345773,rs111580405_rs2020854,0.92307,rs2020854,rs111580405,,,,,,,,,,,,,,,,,,,,
126,chr12,56346072,56346073,rs11575240_rs2020854,0.892114,rs2020854,rs11575240,,,,,,,,,,,,,,,,,,,,
127,chr12,56346228,56346229,rs3832805_rs2020854,0.892114,rs2020854,rs3832805,,,,,,,,,,,,,,,,,,,,
128,chr12,56346897,56346898,rs2066807_rs2020854,0.938043,rs2020854,rs2066807,,,,,,,,,,,,,,,,,,,,
129,chr12,56347443,56347444,rs57137641_rs2020854,0.938043,rs2020854,rs57137641,,,,,,,,,,,,,,,,,,,,
130,chr12,56349582,56349583,rs2020854_rs2020854,1.0,rs2020854,rs2020854,,,,,,,,,,,,,,,,,,,,
131,chr12,56350491,56350492,rs11575234_rs2020854,1.0,rs2020854,rs11575234,,,,,,,,,,,,,,,,,,,,
132,chr12,56350637,56350638,rs11575232_rs2020854,0.938025,rs2020854,rs11575232,,,,,,,,,,,,,,,,,,,,
133,chr12,56350660,56350661,rs11575231_rs2020854,0.938025,rs2020854,rs11575231,,,,,,,,,,,,,,,,,,,,
134,chr12,56352003,56352004,rs57367440_rs2020854,0.938025,rs2020854,rs57367440,,,,,,,,,,,,,,,,,,,,
135,chr12,56352703,56352704,rs113384062_rs2020854,0.8640959999999999,rs2020854,rs113384062,,,,,,,,,,,,,,,,,,,,
136,chr12,56352773,56352774,rs75598973_rs2020854,0.938025,rs2020854,rs75598973,,,,,,,,,,,,,,,,,,,,
137,chr12,56353959,56353960,rs148874097_rs2020854,0.938025,rs2020854,rs148874097,,,,,,,,,,,,,,,,,,,,
138,chr12,56356419,56356420,rs2066819_rs2020854,0.938025,rs2020854,rs2066819,,,,,,,,,,,,,,,,,,,,
139,chr12,56356952,56356953,rs11575229_rs2020854,0.938025,rs2020854,rs11575229,,,,,,,,,,,,,,,,,,,,
140,chr12,56357087,56357088,rs117779516_rs2020854,0.938025,rs2020854,rs117779516,,,,,,,,,,,,,,,,,,,,
141,chr12,56358369,56358370,rs11575224_rs2020854,0.938025,rs2020854,rs11575224,,,,,,,,,,,,,,,,,,,,
142,chr12,56359089,56359090,rs57870697_rs2020854,0.938025,rs2020854,rs57870697,,,,,,,,,,,,,,,,,,,,
143,chr12,56359467,56359468,ALU_umary_ALU_9228_rs2020854,0.8308260000000001,rs2020854,ALU,,,,,,,,,,,,,,,,,,,,
144,chr12,56360037,56360038,rs2066818_rs2020854,0.922613,rs2020854,rs2066818,,,,,,,,,,,,,,,,,,,,
145,chr12,56360586,56360587,rs371263878_rs2020854,1.0,rs2020854,rs371263878,,,,,,,,,,,,,,,,,,,,
146,chr17,27797578,27797579,rs3794767_rs3794767,1.0,rs3794767,rs3794767,,,,,,,,,,,,,,,,,,,,
147,chr17,27799318,27799319,rs6505483_rs3794767,0.839701,rs3794767,rs6505483,,,,,,,,,,,,,,,,,,,,
148,chr17,27800491,27800492,rs10459953_rs3794767,0.8522120000000001,rs3794767,rs10459953,,,,,,,,,,,,,,,,,,,,
149,chr19,10317044,10317045,rs74956615_rs34536443,0.8328709999999999,rs34536443,rs74956615,,,,,,,,,,,,,,,,,,,,
150,chr19,10352441,10352442,rs34536443_rs34536443,1.0,rs34536443,rs34536443,,,,,,,,,,,,,,,,,,,,
151,chr19,10381597,10381598,rs144309607_rs34536443,0.804942,rs34536443,rs144309607,,,,,,,,,,,,,,,,,,,,
152,chr2,162254025,162254026,rs2111485_rs2111485,1.0,rs2111485,rs2111485,,,,,,,,,,,,,,,,,,,,
153,chr2,162267540,162267541,rs1990760_rs2111485,0.8894860000000001,rs2111485,rs1990760,chr2,162333905.0,162334404.0,56611.0,,,,,,,,,-66364.0,0.000222497,-0.731037,0.0771157,0.4921515556276531,-66364.0,0.000222497,-0.731037
154,chr22,21562949,21562950,rs131655_rs5754467,0.8062560000000001,rs5754467,rs131655,,,,,,,,,,,,,,,,,,,,
155,chr22,21563160,21563161,rs131656_rs5754467,0.805879,rs5754467,rs131656,,,,,,,,,,,,,,,,,,,,
156,chr22,21563260,21563261,rs131657_rs5754467,0.8002130000000001,rs5754467,rs131657,,,,,,,,,,,,,,,,,,,,
157,chr22,21563336,21563337,rs131658_rs5754467,0.8119149999999999,rs5754467,rs131658,,,,,,,,,,,,,,,,,,,,
158,chr22,21563418,21563419,rs131659_rs5754467,0.8062560000000001,rs5754467,rs131659,,,,,,,,,,,,,,,,,,,,
159,chr22,21563467,21563468,rs131660_rs5754467,0.8062560000000001,rs5754467,rs131660,,,,,,,,,,,,,,,,,,,,
160,chr22,21565381,21565382,rs140488_rs5754467,0.8062560000000001,rs5754467,rs140488,,,,,,,,,,,,,,,,,,,,
161,chr22,21566113,21566114,rs131664_rs5754467,0.8062560000000001,rs5754467,rs131664,,,,,,,,,,,,,,,,,,,,
162,chr22,21566613,21566614,rs131665_rs5754467,0.8062560000000001,rs5754467,rs131665,,,,,,,,,,,,,,,,,,,,
163,chr22,21567004,21567005,rs140489_rs5754467,0.8062560000000001,rs5754467,rs140489,,,,,,,,,,,,,,,,,,,,
164,chr22,21567396,21567397,rs140490_rs5754467,0.8062560000000001,rs5754467,rs140490,,,,,,,,,,,,,,,,,,,,
165,chr22,21568074,21568075,rs140491_rs5754467,0.8062560000000001,rs5754467,rs140491,,,,,,,,,,,,,,,,,,,,
166,chr22,21568854,21568855,rs140492_rs5754467,0.8062560000000001,rs5754467,rs140492,,,,,,,,,,,,,,,,,,,,
167,chr22,21570299,21570300,rs140495_rs5754467,0.8062560000000001,rs5754467,rs140495,,,,,,,,,,,,,,,,,,,,
168,chr22,21572774,21572775,rs140498_rs5754467,0.8062560000000001,rs5754467,rs140498,,,,,,,,,,,,,,,,,,,,
169,chr22,21572941,21572942,rs140499_rs5754467,0.8062560000000001,rs5754467,rs140499,,,,,,,,,,,,,,,,,,,,
170,chr22,21574351,21574352,rs181359_rs5754467,0.8062560000000001,rs5754467,rs181359,,,,,,,,,,,,,,,,,,,,
171,chr22,21574626,21574627,rs181360_rs5754467,0.8062560000000001,rs5754467,rs181360,,,,,,,,,,,,,,,,,,,,
172,chr22,21575276,21575277,rs181361_rs5754467,0.805838,rs5754467,rs181361,,,,,,,,,,,,,,,,,,,,
173,chr22,21577778,21577779,rs181362_rs5754467,0.8062560000000001,rs5754467,rs181362,,,,,,,,,,,,,,,,,,,,
174,chr22,21577974,21577975,rs181363_rs5754467,0.8062560000000001,rs5754467,rs181363,,,,,,,,,,,,,,,,,,,,
175,chr22,21579490,21579491,rs181366_rs5754467,0.8062560000000001,rs5754467,rs181366,,,,,,,,,,,,,,,,,,,,
176,chr22,21581862,21581863,rs66534072_rs5754467,0.8062560000000001,rs5754467,rs66534072,,,,,,,,,,,,,,,,,,,,
177,chr22,21583934,21583935,rs5749485_rs5754467,0.8062560000000001,rs5754467,rs5749485,,,,,,,,,,,,,,,,,,,,
178,chr22,21584300,21584301,rs5998576_rs5754467,0.8119149999999999,rs5754467,rs5998576,,,,,,,,,,,,,,,,,,,,
179,chr22,21584573,21584574,rs73166622_rs5754467,0.8119149999999999,rs5754467,rs73166622,,,,,,,,,,,,,,,,,,,,
180,chr22,21585385,21585386,rs5754217_rs5754467,0.8062560000000001,rs5754467,rs5754217,,,,,,,,,,,,,,,,,,,,
181,chr22,21585397,21585398,rs5749493_rs5754467,0.8062560000000001,rs5754467,rs5749493,,,,,,,,,,,,,,,,,,,,
182,chr22,21587691,21587692,rs5998599_rs5754467,0.805879,rs5754467,rs5998599,,,,,,,,,,,,,,,,,,,,
183,chr22,21589374,21589375,rs5754238_rs5754467,0.8119149999999999,rs5754467,rs5754238,,,,,,,,,,,,,,,,,,,,
184,chr22,21589648,21589649,rs1034329_rs5754467,0.8119149999999999,rs5754467,rs1034329,,,,,,,,,,,,,,,,,,,,
185,chr22,21590188,21590189,rs2283789_rs5754467,0.8119149999999999,rs5754467,rs2283789,,,,,,,,,,,,,,,,,,,,
186,chr22,21591561,21591562,rs5998619_rs5754467,0.805879,rs5754467,rs5998619,,,,,,,,,,,,,,,,,,,,
187,chr22,21591883,21591884,rs73166632_rs5754467,0.8119149999999999,rs5754467,rs73166632,,,,,,,,,,,,,,,,,,,,
188,chr22,21595121,21595122,rs2070512_rs5754467,0.8062560000000001,rs5754467,rs2070512,,,,,,,,,,,,,,,,,,,,
189,chr22,21597450,21597451,rs5754295_rs5754467,0.8062560000000001,rs5754467,rs5754295,,,,,,,,,,,,,,,,,,,,
190,chr22,21598849,21598850,rs58077207_rs5754467,0.800654,rs5754467,rs58077207,,,,,,,,,,,,,,,,,,,,
191,chr22,21598986,21598987,rs5994638_rs5754467,0.8062560000000001,rs5754467,rs5994638,,,,,,,,,,,,,,,,,,,,
192,chr22,21598998,21598999,rs5998644_rs5754467,0.8062560000000001,rs5754467,rs5998644,,,,,,,,,,,,,,,,,,,,
193,chr22,21602363,21602364,rs2283790_rs5754467,0.8062560000000001,rs5754467,rs2283790,,,,,,,,,,,,,,,,,,,,
194,chr22,21603702,21603703,rs5754323_rs5754467,0.8062560000000001,rs5754467,rs5754323,,,,,,,,,,,,,,,,,,,,
195,chr22,21604014,21604015,rs2266964_rs5754467,0.8062560000000001,rs5754467,rs2266964,,,,,,,,,,,,,,,,,,,,
196,chr22,21604582,21604583,rs11089629_rs5754467,0.8062560000000001,rs5754467,rs11089629,,,,,,,,,,,,,,,,,,,,
197,chr22,21604748,21604749,rs4821108_rs5754467,0.8119149999999999,rs5754467,rs4821108,,,,,,,,,,,,,,,,,,,,
198,chr22,21610471,21610472,rs4821112_rs5754467,0.8062560000000001,rs5754467,rs4821112,,,,,,,,,,,,,,,,,,,,
199,chr22,21610661,21610662,rs5754352_rs5754467,0.8062560000000001,rs5754467,rs5754352,,,,,,,,,,,,,,,,,,,,
200,chr22,21612152,21612153,rs5998672_rs5754467,0.8062560000000001,rs5754467,rs5998672,,,,,,,,,,,,,,,,,,,,
201,chr22,21612543,21612544,rs12169001_rs5754467,0.8119149999999999,rs5754467,rs12169001,,,,,,,,,,,,,,,,,,,,
202,chr22,21613931,21613932,rs738127_rs5754467,0.8062560000000001,rs5754467,rs738127,,,,,,,,,,,,,,,,,,,,
203,chr22,21616720,21616721,rs738128_rs5754467,0.8062560000000001,rs5754467,rs738128,,,,,,,,,,,,,,,,,,,,
204,chr22,21616751,21616752,rs738129_rs5754467,0.8062560000000001,rs5754467,rs738129,,,,,,,,,,,,,,,,,,,,
205,chr22,21617342,21617343,rs8139079_rs5754467,0.8119149999999999,rs5754467,rs8139079,,,,,,,,,,,,,,,,,,,,
206,chr22,21618111,21618112,rs2876971_rs5754467,0.8119149999999999,rs5754467,rs2876971,,,,,,,,,,,,,,,,,,,,
207,chr22,21622757,21622758,rs7445_rs5754467,0.8062560000000001,rs5754467,rs7445,,,,,,,,,,,,,,,,,,,,
208,chr22,21625294,21625295,rs12158299_rs5754467,0.8119149999999999,rs5754467,rs12158299,,,,,,,,,,,,,,,,,,,,
209,chr22,21625648,21625649,rs9619386_rs5754467,0.811821,rs5754467,rs9619386,,,,,,,,,,,,,,,,,,,,
210,chr22,21625967,21625968,rs5754422_rs5754467,0.8119149999999999,rs5754467,rs5754422,,,,,,,,,,,,,,,,,,,,
211,chr22,21626103,21626104,rs67163745_rs5754467,0.8119149999999999,rs5754467,rs67163745,,,,,,,,,,,,,,,,,,,,
212,chr22,21626348,21626349,rs5754426_rs5754467,0.8119149999999999,rs5754467,rs5754426,,,,,,,,,,,,,,,,,,,,
213,chr22,21626604,21626605,rs4821130_rs5754467,0.8119149999999999,rs5754467,rs4821130,,,,,,,,,,,,,,,,,,,,
214,chr22,21627764,21627765,rs1811069_rs5754467,0.805879,rs5754467,rs1811069,,,,,,,,,,,,,,,,,,,,
215,chr22,21627959,21627960,rs878825_rs5754467,0.8062560000000001,rs5754467,rs878825,,,,,,,,,,,,,,,,,,,,
216,chr22,21628970,21628971,rs2298429_rs5754467,0.835111,rs5754467,rs2298429,,,,,,,,,,,,,,,,,,,,
217,chr22,21630089,21630090,rs3747093_rs5754467,0.975376,rs5754467,rs3747093,,,,,,,,,,,,,,,,,,,,
218,chr22,21630804,21630805,rs5754467_rs5754467,1.0,rs5754467,rs5754467,,,,,,,,,,,,,,,,,,,,
219,chr5,131035276,131035277,rs11948761_rs11743851,0.812719,rs11743851,rs11948761,chr5,131138348.0,131138847.0,81754.0,,,,,,-103071.0,0.000201145,0.630079,,,,,,-103071.0,5.59006e-06,0.900133
220,chr5,131035276,131035277,rs11948761_rs11743851,0.812719,rs11743851,rs11948761,chr5,131329106.0,131329605.0,81778.0,,,,,,-293829.0,5.96947e-05,0.674353,,,,,,,,
221,chr5,131087865,131087866,rs4705885_rs11743851,0.8939940000000001,rs11743851,rs4705885,chr5,131138348.0,131138847.0,81754.0,,,,,,-50482.0,1.2317e-05,0.629289,,,,,,-50482.0,7.74744e-07,0.799151
222,chr5,131087865,131087866,rs4705885_rs11743851,0.8939940000000001,rs11743851,rs4705885,chr5,131329106.0,131329605.0,81778.0,,,,,,-241240.0,2.25068e-05,0.612754,,,,,,,,
223,chr5,131133393,131133394,rs139746351_rs11743851,0.8854350000000001,rs11743851,rs139746351,chr5,131138348.0,131138847.0,81754.0,,,,,,-4954.0,1.2317e-05,0.629289,,,,,,-4954.0,7.74744e-07,0.799151
224,chr5,131133393,131133394,rs139746351_rs11743851,0.8854350000000001,rs11743851,rs139746351,chr5,131329106.0,131329605.0,81778.0,,,,,,-195712.0,2.25068e-05,0.612754,,,,,,,,
225,chr5,131277906,131277907,rs11743851_rs11743851,1.0,rs11743851,rs11743851,chr5,131138348.0,131138847.0,81754.0,,,,,,139060.0,1.2317e-05,0.629289,,,,,,139060.0,7.74744e-07,0.799151
226,chr5,131277906,131277907,rs11743851_rs11743851,1.0,rs11743851,rs11743851,chr5,131329106.0,131329605.0,81778.0,,,,,,-51199.0,2.25068e-05,0.612754,,,,,,,,
227,chr5,131277906,131277907,rs11743851_rs11743851,1.0,rs11743851,rs11743851,chr5,132227621.0,132228120.0,81861.0,,,,,,-949714.0,4.27399e-06,0.656718,,,,,,-949714.0,0.000209031,0.632594
228,chr5,131277906,131277907,rs11743851_rs11743851,1.0,rs11743851,rs11743851,chr5,132257447.0,132257946.0,81863.0,,,,,,-979540.0,7.84897e-05,-0.576103,,,,,,,,
229,chr5,131296961,131296962,rs1030271_rs11743851,0.982119,rs11743851,rs1030271,chr5,131138348.0,131138847.0,81754.0,,,,,,158115.0,1.2317e-05,0.629289,,,,,,158115.0,7.74744e-07,0.799151
230,chr5,131296961,131296962,rs1030271_rs11743851,0.982119,rs11743851,rs1030271,chr5,131329106.0,131329605.0,81778.0,,,,,,-32144.0,2.25068e-05,0.612754,,,,,,,,
231,chr5,131296961,131296962,rs1030271_rs11743851,0.982119,rs11743851,rs1030271,chr5,132227621.0,132228120.0,81861.0,,,,,,-930659.0,4.27399e-06,0.656718,,,,,,-930659.0,0.000209031,0.632594
232,chr5,131296961,131296962,rs1030271_rs11743851,0.982119,rs11743851,rs1030271,chr5,132257447.0,132257946.0,81863.0,,,,,,-960485.0,7.84897e-05,-0.576103,,,,,,,,
233,chr5,131338382,131338383,rs4706020_rs11743851,0.986576,rs11743851,rs4706020,chr5,131329106.0,131329605.0,81778.0,8778.0,2.25068e-05,0.612754,0.0086832,0.1125521966744673,8778.0,2.25068e-05,0.612754,,,,,,,,
234,chr5,131338382,131338383,rs4706020_rs11743851,0.986576,rs11743851,rs4706020,chr5,131138348.0,131138847.0,81754.0,,,,,,199536.0,1.2317e-05,0.629289,,,,,,199536.0,7.74744e-07,0.799151
235,chr5,131338382,131338383,rs4706020_rs11743851,0.986576,rs11743851,rs4706020,chr5,132227621.0,132228120.0,81861.0,,,,,,-889238.0,4.27399e-06,0.656718,,,,,,-889238.0,0.000209031,0.632594
236,chr5,131338382,131338383,rs4706020_rs11743851,0.986576,rs11743851,rs4706020,chr5,132257447.0,132257946.0,81863.0,,,,,,-919064.0,7.84897e-05,-0.576103,,,,,,,,
237,chr5,131381396,131381397,rs11738827_rs11743851,0.977774,rs11743851,rs11738827,chr5,131138348.0,131138847.0,81754.0,,,,,,242550.0,1.2317e-05,0.629289,,,,,,242550.0,7.74744e-07,0.799151
238,chr5,131381396,131381397,rs11738827_rs11743851,0.977774,rs11743851,rs11738827,chr5,131329106.0,131329605.0,81778.0,,,,,,51792.0,2.25068e-05,0.612754,,,,,,,,
239,chr5,131381396,131381397,rs11738827_rs11743851,0.977774,rs11743851,rs11738827,chr5,132227621.0,132228120.0,81861.0,,,,,,-846224.0,4.27399e-06,0.656718,,,,,,-846224.0,0.000209031,0.632594
240,chr5,131381396,131381397,rs11738827_rs11743851,0.977774,rs11743851,rs11738827,chr5,132257447.0,132257946.0,81863.0,,,,,,-876050.0,7.84897e-05,-0.576103,,,,,,,,
241,chr5,131381396,131381397,rs11738827_rs11743851,0.977774,rs11743851,rs11738827,chr5,132369457.0,132369956.0,81868.0,,,,,,-988060.0,1.03926e-06,-0.69054,,,,,,,,
242,chr5,132223505,132223506,rs4705849_rs17622208,0.8461690000000001,rs17622208,rs4705849,chr5,132227621.0,132228120.0,81861.0,,,,,,-4115.0,2.28826e-08,0.834368,,,,,,-4115.0,9.77811e-08,0.86778
243,chr5,132223505,132223506,rs4705849_rs17622208,0.8461690000000001,rs17622208,rs4705849,chr5,132257447.0,132257946.0,81863.0,,,,,,-33941.0,1.75649e-05,-0.672466,,,,,,,,
244,chr5,132223505,132223506,rs4705849_rs17622208,0.8461690000000001,rs17622208,rs4705849,chr5,132369457.0,132369956.0,81868.0,,,,,,-145951.0,1.65475e-11,-0.955568,,,,,,-145951.0,3.92635e-06,-0.777984
245,chr5,132223505,132223506,rs4705849_rs17622208,0.8461690000000001,rs17622208,rs4705849,chr5,132456549.0,132457048.0,81879.0,,,,,,-233043.0,2.43307e-06,0.727726,,,,,,-233043.0,0.000426485,0.621199
246,chr5,132223505,132223506,rs4705849_rs17622208,0.8461690000000001,rs17622208,rs4705849,chr5,131257183.0,131257682.0,81763.0,,,,,,,,,,,,,,965824.0,0.000781498,0.59576
247,chr5,132223505,132223506,rs4705849_rs17622208,0.8461690000000001,rs17622208,rs4705849,chr5,132225326.0,132225825.0,81860.0,,,,,,,,,,,,,,-1820.0,0.00088436,0.590373
248,chr5,132223505,132223506,rs4705849_rs17622208,0.8461690000000001,rs17622208,rs4705849,chr5,132294051.0,132294550.0,81865.0,,,,,,,,,,,,,,-70545.0,0.000277954,0.638297
249,chr5,132225678,132225679,rs72793278_rs17622208,0.8461690000000001,rs17622208,rs72793278,chr5,132227621.0,132228120.0,81861.0,,,,,,-1942.0,2.28826e-08,0.834368,,,,,,-1942.0,9.77811e-08,0.86778
250,chr5,132225678,132225679,rs72793278_rs17622208,0.8461690000000001,rs17622208,rs72793278,chr5,132257447.0,132257946.0,81863.0,,,,,,-31768.0,1.75649e-05,-0.672466,,,,,,,,
251,chr5,132225678,132225679,rs72793278_rs17622208,0.8461690000000001,rs17622208,rs72793278,chr5,132369457.0,132369956.0,81868.0,,,,,,-143778.0,1.65475e-11,-0.955568,,,,,,-143778.0,3.92635e-06,-0.777984
252,chr5,132225678,132225679,rs72793278_rs17622208,0.8461690000000001,rs17622208,rs72793278,chr5,132456549.0,132457048.0,81879.0,,,,,,-230870.0,2.43307e-06,0.727726,,,,,,-230870.0,0.000426485,0.621199
253,chr5,132225678,132225679,rs72793278_rs17622208,0.8461690000000001,rs17622208,rs72793278,chr5,131257183.0,131257682.0,81763.0,,,,,,,,,,,,,,967997.0,0.000781498,0.59576
254,chr5,132225678,132225679,rs72793278_rs17622208,0.8461690000000001,rs17622208,rs72793278,chr5,132225326.0,132225825.0,81860.0,,,,,,,,,,,,,,0.0,0.00088436,0.590373
255,chr5,132225678,132225679,rs72793278_rs17622208,0.8461690000000001,rs17622208,rs72793278,chr5,132294051.0,132294550.0,81865.0,,,,,,,,,,,,,,-68372.0,0.000277954,0.638297
256,chr5,132226064,132226065,rs4705926_rs17622208,0.8461690000000001,rs17622208,rs4705926,chr5,132227621.0,132228120.0,81861.0,,,,,,-1556.0,2.28826e-08,0.834368,,,,,,-1556.0,9.77811e-08,0.86778
257,chr5,132226064,132226065,rs4705926_rs17622208,0.8461690000000001,rs17622208,rs4705926,chr5,132257447.0,132257946.0,81863.0,,,,,,-31382.0,1.75649e-05,-0.672466,,,,,,,,
258,chr5,132226064,132226065,rs4705926_rs17622208,0.8461690000000001,rs17622208,rs4705926,chr5,132369457.0,132369956.0,81868.0,,,,,,-143392.0,1.65475e-11,-0.955568,,,,,,-143392.0,3.92635e-06,-0.777984
259,chr5,132226064,132226065,rs4705926_rs17622208,0.8461690000000001,rs17622208,rs4705926,chr5,132456549.0,132457048.0,81879.0,,,,,,-230484.0,2.43307e-06,0.727726,,,,,,-230484.0,0.000426485,0.621199
260,chr5,132226064,132226065,rs4705926_rs17622208,0.8461690000000001,rs17622208,rs4705926,chr5,131257183.0,131257682.0,81763.0,,,,,,,,,,,,,,968383.0,0.000781498,0.59576
261,chr5,132226064,132226065,rs4705926_rs17622208,0.8461690000000001,rs17622208,rs4705926,chr5,132225326.0,132225825.0,81860.0,,,,,,,,,,,,,,240.0,0.00088436,0.590373
262,chr5,132226064,132226065,rs4705926_rs17622208,0.8461690000000001,rs17622208,rs4705926,chr5,132294051.0,132294550.0,81865.0,,,,,,,,,,,,,,-67986.0,0.000277954,0.638297
263,chr5,132227206,132227207,rs72793280_rs17622208,0.8052010000000001,rs17622208,rs72793280,chr5,132227621.0,132228120.0,81861.0,,,,,,-414.0,2.28826e-08,0.834368,,,,,,-414.0,9.77811e-08,0.86778
264,chr5,132227206,132227207,rs72793280_rs17622208,0.8052010000000001,rs17622208,rs72793280,chr5,132257447.0,132257946.0,81863.0,,,,,,-30240.0,1.75649e-05,-0.672466,,,,,,,,
265,chr5,132227206,132227207,rs72793280_rs17622208,0.8052010000000001,rs17622208,rs72793280,chr5,132369457.0,132369956.0,81868.0,,,,,,-142250.0,1.65475e-11,-0.955568,,,,,,-142250.0,3.92635e-06,-0.777984
266,chr5,132227206,132227207,rs72793280_rs17622208,0.8052010000000001,rs17622208,rs72793280,chr5,132456549.0,132457048.0,81879.0,,,,,,-229342.0,2.43307e-06,0.727726,,,,,,-229342.0,0.000426485,0.621199
267,chr5,132227206,132227207,rs72793280_rs17622208,0.8052010000000001,rs17622208,rs72793280,chr5,131257183.0,131257682.0,81763.0,,,,,,,,,,,,,,969525.0,0.000781498,0.59576
268,chr5,132227206,132227207,rs72793280_rs17622208,0.8052010000000001,rs17622208,rs72793280,chr5,132225326.0,132225825.0,81860.0,,,,,,,,,,,,,,1382.0,0.00088436,0.590373
269,chr5,132227206,132227207,rs72793280_rs17622208,0.8052010000000001,rs17622208,rs72793280,chr5,132294051.0,132294550.0,81865.0,,,,,,,,,,,,,,-66844.0,0.000277954,0.638297
270,chr5,132227807,132227808,rs113823725_rs17622208,0.8088529999999999,rs17622208,rs113823725,chr5,132227621.0,132228120.0,81861.0,,,,,,0.0,2.28826e-08,0.834368,0.0,9.77811e-08,0.86778,9.41274e-05,0.0034134643172294,0.0,9.77811e-08,0.86778
271,chr5,132227807,132227808,rs113823725_rs17622208,0.8088529999999999,rs17622208,rs113823725,chr5,132257447.0,132257946.0,81863.0,,,,,,-29639.0,1.75649e-05,-0.672466,,,,,,,,
272,chr5,132227807,132227808,rs113823725_rs17622208,0.8088529999999999,rs17622208,rs113823725,chr5,132369457.0,132369956.0,81868.0,,,,,,-141649.0,1.65475e-11,-0.955568,,,,,,-141649.0,3.92635e-06,-0.777984
273,chr5,132227807,132227808,rs113823725_rs17622208,0.8088529999999999,rs17622208,rs113823725,chr5,132456549.0,132457048.0,81879.0,,,,,,-228741.0,2.43307e-06,0.727726,,,,,,-228741.0,0.000426485,0.621199
274,chr5,132227807,132227808,rs113823725_rs17622208,0.8088529999999999,rs17622208,rs113823725,chr5,131257183.0,131257682.0,81763.0,,,,,,,,,,,,,,970126.0,0.000781498,0.59576
275,chr5,132227807,132227808,rs113823725_rs17622208,0.8088529999999999,rs17622208,rs113823725,chr5,132225326.0,132225825.0,81860.0,,,,,,,,,,,,,,1983.0,0.00088436,0.590373
276,chr5,132227807,132227808,rs113823725_rs17622208,0.8088529999999999,rs17622208,rs113823725,chr5,132294051.0,132294550.0,81865.0,,,,,,,,,,,,,,-66243.0,0.000277954,0.638297
277,chr5,132230267,132230268,rs35388762_rs17622208,0.8088529999999999,rs17622208,rs35388762,,,,,,,,,,,,,,,,,,,,
278,chr5,132231247,132231248,rs72793283_rs17622208,0.8088529999999999,rs17622208,rs72793283,chr5,132227621.0,132228120.0,81861.0,,,,,,3128.0,2.28826e-08,0.834368,,,,,,3128.0,9.77811e-08,0.86778
279,chr5,132231247,132231248,rs72793283_rs17622208,0.8088529999999999,rs17622208,rs72793283,chr5,132257447.0,132257946.0,81863.0,,,,,,-26199.0,1.75649e-05,-0.672466,,,,,,,,
280,chr5,132231247,132231248,rs72793283_rs17622208,0.8088529999999999,rs17622208,rs72793283,chr5,132369457.0,132369956.0,81868.0,,,,,,-138209.0,1.65475e-11,-0.955568,,,,,,-138209.0,3.92635e-06,-0.777984
281,chr5,132231247,132231248,rs72793283_rs17622208,0.8088529999999999,rs17622208,rs72793283,chr5,132456549.0,132457048.0,81879.0,,,,,,-225301.0,2.43307e-06,0.727726,,,,,,-225301.0,0.000426485,0.621199
282,chr5,132231247,132231248,rs72793283_rs17622208,0.8088529999999999,rs17622208,rs72793283,chr5,131257183.0,131257682.0,81763.0,,,,,,,,,,,,,,973566.0,0.000781498,0.59576
283,chr5,132231247,132231248,rs72793283_rs17622208,0.8088529999999999,rs17622208,rs72793283,chr5,132225326.0,132225825.0,81860.0,,,,,,,,,,,,,,5423.0,0.00088436,0.590373
284,chr5,132231247,132231248,rs72793283_rs17622208,0.8088529999999999,rs17622208,rs72793283,chr5,132294051.0,132294550.0,81865.0,,,,,,,,,,,,,,-62803.0,0.000277954,0.638297
285,chr5,132232230,132232231,rs11955347_rs17622208,0.8088529999999999,rs17622208,rs11955347,chr5,132227621.0,132228120.0,81861.0,,,,,,4111.0,2.28826e-08,0.834368,,,,,,4111.0,9.77811e-08,0.86778
286,chr5,132232230,132232231,rs11955347_rs17622208,0.8088529999999999,rs17622208,rs11955347,chr5,132257447.0,132257946.0,81863.0,,,,,,-25216.0,1.75649e-05,-0.672466,,,,,,,,
287,chr5,132232230,132232231,rs11955347_rs17622208,0.8088529999999999,rs17622208,rs11955347,chr5,132369457.0,132369956.0,81868.0,,,,,,-137226.0,1.65475e-11,-0.955568,,,,,,-137226.0,3.92635e-06,-0.777984
288,chr5,132232230,132232231,rs11955347_rs17622208,0.8088529999999999,rs17622208,rs11955347,chr5,132456549.0,132457048.0,81879.0,,,,,,-224318.0,2.43307e-06,0.727726,,,,,,-224318.0,0.000426485,0.621199
289,chr5,132232230,132232231,rs11955347_rs17622208,0.8088529999999999,rs17622208,rs11955347,chr5,131257183.0,131257682.0,81763.0,,,,,,,,,,,,,,974549.0,0.000781498,0.59576
290,chr5,132232230,132232231,rs11955347_rs17622208,0.8088529999999999,rs17622208,rs11955347,chr5,132225326.0,132225825.0,81860.0,,,,,,,,,,,,,,6406.0,0.00088436,0.590373
291,chr5,132232230,132232231,rs11955347_rs17622208,0.8088529999999999,rs17622208,rs11955347,chr5,132294051.0,132294550.0,81865.0,,,,,,,,,,,,,,-61820.0,0.000277954,0.638297
292,chr5,132235202,132235203,rs10058655_rs17622208,0.8088529999999999,rs17622208,rs10058655,chr5,132227621.0,132228120.0,81861.0,,,,,,7083.0,2.28826e-08,0.834368,,,,,,7083.0,9.77811e-08,0.86778
293,chr5,132235202,132235203,rs10058655_rs17622208,0.8088529999999999,rs17622208,rs10058655,chr5,132257447.0,132257946.0,81863.0,,,,,,-22244.0,1.75649e-05,-0.672466,,,,,,,,
294,chr5,132235202,132235203,rs10058655_rs17622208,0.8088529999999999,rs17622208,rs10058655,chr5,132369457.0,132369956.0,81868.0,,,,,,-134254.0,1.65475e-11,-0.955568,,,,,,-134254.0,3.92635e-06,-0.777984
295,chr5,132235202,132235203,rs10058655_rs17622208,0.8088529999999999,rs17622208,rs10058655,chr5,132456549.0,132457048.0,81879.0,,,,,,-221346.0,2.43307e-06,0.727726,,,,,,-221346.0,0.000426485,0.621199
296,chr5,132235202,132235203,rs10058655_rs17622208,0.8088529999999999,rs17622208,rs10058655,chr5,131257183.0,131257682.0,81763.0,,,,,,,,,,,,,,977521.0,0.000781498,0.59576
297,chr5,132235202,132235203,rs10058655_rs17622208,0.8088529999999999,rs17622208,rs10058655,chr5,132225326.0,132225825.0,81860.0,,,,,,,,,,,,,,9378.0,0.00088436,0.590373
298,chr5,132235202,132235203,rs10058655_rs17622208,0.8088529999999999,rs17622208,rs10058655,chr5,132294051.0,132294550.0,81865.0,,,,,,,,,,,,,,-58848.0,0.000277954,0.638297
299,chr5,132237835,132237836,rs2089855_rs17622208,0.816537,rs17622208,rs2089855,chr5,132227621.0,132228120.0,81861.0,,,,,,9716.0,2.28826e-08,0.834368,,,,,,9716.0,9.77811e-08,0.86778
300,chr5,132237835,132237836,rs2089855_rs17622208,0.816537,rs17622208,rs2089855,chr5,132257447.0,132257946.0,81863.0,,,,,,-19611.0,1.75649e-05,-0.672466,,,,,,,,
301,chr5,132237835,132237836,rs2089855_rs17622208,0.816537,rs17622208,rs2089855,chr5,132369457.0,132369956.0,81868.0,,,,,,-131621.0,1.65475e-11,-0.955568,,,,,,-131621.0,3.92635e-06,-0.777984
302,chr5,132237835,132237836,rs2089855_rs17622208,0.816537,rs17622208,rs2089855,chr5,132456549.0,132457048.0,81879.0,,,,,,-218713.0,2.43307e-06,0.727726,,,,,,-218713.0,0.000426485,0.621199
303,chr5,132237835,132237836,rs2089855_rs17622208,0.816537,rs17622208,rs2089855,chr5,131257183.0,131257682.0,81763.0,,,,,,,,,,,,,,980154.0,0.000781498,0.59576
304,chr5,132237835,132237836,rs2089855_rs17622208,0.816537,rs17622208,rs2089855,chr5,132225326.0,132225825.0,81860.0,,,,,,,,,,,,,,12011.0,0.00088436,0.590373
305,chr5,132237835,132237836,rs2089855_rs17622208,0.816537,rs17622208,rs2089855,chr5,132294051.0,132294550.0,81865.0,,,,,,,,,,,,,,-56215.0,0.000277954,0.638297
306,chr5,132240238,132240239,rs6863213_rs17622208,0.8205899999999999,rs17622208,rs6863213,chr5,132227621.0,132228120.0,81861.0,,,,,,12119.0,2.28826e-08,0.834368,,,,,,12119.0,9.77811e-08,0.86778
307,chr5,132240238,132240239,rs6863213_rs17622208,0.8205899999999999,rs17622208,rs6863213,chr5,132257447.0,132257946.0,81863.0,,,,,,-17208.0,1.75649e-05,-0.672466,,,,,,,,
308,chr5,132240238,132240239,rs6863213_rs17622208,0.8205899999999999,rs17622208,rs6863213,chr5,132369457.0,132369956.0,81868.0,,,,,,-129218.0,1.65475e-11,-0.955568,,,,,,-129218.0,3.92635e-06,-0.777984
309,chr5,132240238,132240239,rs6863213_rs17622208,0.8205899999999999,rs17622208,rs6863213,chr5,132456549.0,132457048.0,81879.0,,,,,,-216310.0,2.43307e-06,0.727726,,,,,,-216310.0,0.000426485,0.621199
310,chr5,132240238,132240239,rs6863213_rs17622208,0.8205899999999999,rs17622208,rs6863213,chr5,131257183.0,131257682.0,81763.0,,,,,,,,,,,,,,982557.0,0.000781498,0.59576
311,chr5,132240238,132240239,rs6863213_rs17622208,0.8205899999999999,rs17622208,rs6863213,chr5,132225326.0,132225825.0,81860.0,,,,,,,,,,,,,,14414.0,0.00088436,0.590373
312,chr5,132240238,132240239,rs6863213_rs17622208,0.8205899999999999,rs17622208,rs6863213,chr5,132294051.0,132294550.0,81865.0,,,,,,,,,,,,,,-53812.0,0.000277954,0.638297
313,chr5,132241043,132241044,rs11949055_rs17622208,0.8205899999999999,rs17622208,rs11949055,chr5,132227621.0,132228120.0,81861.0,,,,,,12924.0,2.28826e-08,0.834368,,,,,,12924.0,9.77811e-08,0.86778
314,chr5,132241043,132241044,rs11949055_rs17622208,0.8205899999999999,rs17622208,rs11949055,chr5,132257447.0,132257946.0,81863.0,,,,,,-16403.0,1.75649e-05,-0.672466,,,,,,,,
315,chr5,132241043,132241044,rs11949055_rs17622208,0.8205899999999999,rs17622208,rs11949055,chr5,132369457.0,132369956.0,81868.0,,,,,,-128413.0,1.65475e-11,-0.955568,,,,,,-128413.0,3.92635e-06,-0.777984
316,chr5,132241043,132241044,rs11949055_rs17622208,0.8205899999999999,rs17622208,rs11949055,chr5,132456549.0,132457048.0,81879.0,,,,,,-215505.0,2.43307e-06,0.727726,,,,,,-215505.0,0.000426485,0.621199
317,chr5,132241043,132241044,rs11949055_rs17622208,0.8205899999999999,rs17622208,rs11949055,chr5,131257183.0,131257682.0,81763.0,,,,,,,,,,,,,,983362.0,0.000781498,0.59576
318,chr5,132241043,132241044,rs11949055_rs17622208,0.8205899999999999,rs17622208,rs11949055,chr5,132225326.0,132225825.0,81860.0,,,,,,,,,,,,,,15219.0,0.00088436,0.590373
319,chr5,132241043,132241044,rs11949055_rs17622208,0.8205899999999999,rs17622208,rs11949055,chr5,132294051.0,132294550.0,81865.0,,,,,,,,,,,,,,-53007.0,0.000277954,0.638297
320,chr5,132242943,132242944,rs4705928_rs17622208,0.8205899999999999,rs17622208,rs4705928,chr5,132227621.0,132228120.0,81861.0,,,,,,14824.0,2.28826e-08,0.834368,,,,,,14824.0,9.77811e-08,0.86778
321,chr5,132242943,132242944,rs4705928_rs17622208,0.8205899999999999,rs17622208,rs4705928,chr5,132257447.0,132257946.0,81863.0,,,,,,-14503.0,1.75649e-05,-0.672466,,,,,,,,
322,chr5,132242943,132242944,rs4705928_rs17622208,0.8205899999999999,rs17622208,rs4705928,chr5,132369457.0,132369956.0,81868.0,,,,,,-126513.0,1.65475e-11,-0.955568,,,,,,-126513.0,3.92635e-06,-0.777984
323,chr5,132242943,132242944,rs4705928_rs17622208,0.8205899999999999,rs17622208,rs4705928,chr5,132456549.0,132457048.0,81879.0,,,,,,-213605.0,2.43307e-06,0.727726,,,,,,-213605.0,0.000426485,0.621199
324,chr5,132242943,132242944,rs4705928_rs17622208,0.8205899999999999,rs17622208,rs4705928,chr5,131257183.0,131257682.0,81763.0,,,,,,,,,,,,,,985262.0,0.000781498,0.59576
325,chr5,132242943,132242944,rs4705928_rs17622208,0.8205899999999999,rs17622208,rs4705928,chr5,132225326.0,132225825.0,81860.0,,,,,,,,,,,,,,17119.0,0.00088436,0.590373
326,chr5,132242943,132242944,rs4705928_rs17622208,0.8205899999999999,rs17622208,rs4705928,chr5,132294051.0,132294550.0,81865.0,,,,,,,,,,,,,,-51107.0,0.000277954,0.638297
327,chr5,132246662,132246663,rs3844312_rs17622208,0.8205899999999999,rs17622208,rs3844312,chr5,132227621.0,132228120.0,81861.0,,,,,,18543.0,2.28826e-08,0.834368,,,,,,18543.0,9.77811e-08,0.86778
328,chr5,132246662,132246663,rs3844312_rs17622208,0.8205899999999999,rs17622208,rs3844312,chr5,132257447.0,132257946.0,81863.0,,,,,,-10784.0,1.75649e-05,-0.672466,,,,,,,,
329,chr5,132246662,132246663,rs3844312_rs17622208,0.8205899999999999,rs17622208,rs3844312,chr5,132369457.0,132369956.0,81868.0,,,,,,-122794.0,1.65475e-11,-0.955568,,,,,,-122794.0,3.92635e-06,-0.777984
330,chr5,132246662,132246663,rs3844312_rs17622208,0.8205899999999999,rs17622208,rs3844312,chr5,132456549.0,132457048.0,81879.0,,,,,,-209886.0,2.43307e-06,0.727726,,,,,,-209886.0,0.000426485,0.621199
331,chr5,132246662,132246663,rs3844312_rs17622208,0.8205899999999999,rs17622208,rs3844312,chr5,131257183.0,131257682.0,81763.0,,,,,,,,,,,,,,988981.0,0.000781498,0.59576
332,chr5,132246662,132246663,rs3844312_rs17622208,0.8205899999999999,rs17622208,rs3844312,chr5,132225326.0,132225825.0,81860.0,,,,,,,,,,,,,,20838.0,0.00088436,0.590373
333,chr5,132246662,132246663,rs3844312_rs17622208,0.8205899999999999,rs17622208,rs3844312,chr5,132294051.0,132294550.0,81865.0,,,,,,,,,,,,,,-47388.0,0.000277954,0.638297
334,chr5,132250264,132250265,rs7701414_rs17622208,0.816537,rs17622208,rs7701414,chr5,132227621.0,132228120.0,81861.0,,,,,,22145.0,2.28826e-08,0.834368,,,,,,22145.0,9.77811e-08,0.86778
335,chr5,132250264,132250265,rs7701414_rs17622208,0.816537,rs17622208,rs7701414,chr5,132257447.0,132257946.0,81863.0,,,,,,-7182.0,1.75649e-05,-0.672466,,,,,,,,
336,chr5,132250264,132250265,rs7701414_rs17622208,0.816537,rs17622208,rs7701414,chr5,132369457.0,132369956.0,81868.0,,,,,,-119192.0,1.65475e-11,-0.955568,,,,,,-119192.0,3.92635e-06,-0.777984
337,chr5,132250264,132250265,rs7701414_rs17622208,0.816537,rs17622208,rs7701414,chr5,132456549.0,132457048.0,81879.0,,,,,,-206284.0,2.43307e-06,0.727726,,,,,,-206284.0,0.000426485,0.621199
338,chr5,132250264,132250265,rs7701414_rs17622208,0.816537,rs17622208,rs7701414,chr5,131257183.0,131257682.0,81763.0,,,,,,,,,,,,,,992583.0,0.000781498,0.59576
339,chr5,132250264,132250265,rs7701414_rs17622208,0.816537,rs17622208,rs7701414,chr5,132225326.0,132225825.0,81860.0,,,,,,,,,,,,,,24440.0,0.00088436,0.590373
340,chr5,132250264,132250265,rs7701414_rs17622208,0.816537,rs17622208,rs7701414,chr5,132294051.0,132294550.0,81865.0,,,,,,,,,,,,,,-43786.0,0.000277954,0.638297
341,chr5,132250904,132250905,rs4594848_rs17622208,0.81286,rs17622208,rs4594848,chr5,132227621.0,132228120.0,81861.0,,,,,,22785.0,2.28826e-08,0.834368,,,,,,22785.0,9.77811e-08,0.86778
342,chr5,132250904,132250905,rs4594848_rs17622208,0.81286,rs17622208,rs4594848,chr5,132257447.0,132257946.0,81863.0,,,,,,-6542.0,1.75649e-05,-0.672466,,,,,,,,
343,chr5,132250904,132250905,rs4594848_rs17622208,0.81286,rs17622208,rs4594848,chr5,132369457.0,132369956.0,81868.0,,,,,,-118552.0,1.65475e-11,-0.955568,,,,,,-118552.0,3.92635e-06,-0.777984
344,chr5,132250904,132250905,rs4594848_rs17622208,0.81286,rs17622208,rs4594848,chr5,132456549.0,132457048.0,81879.0,,,,,,-205644.0,2.43307e-06,0.727726,,,,,,-205644.0,0.000426485,0.621199
345,chr5,132250904,132250905,rs4594848_rs17622208,0.81286,rs17622208,rs4594848,chr5,131257183.0,131257682.0,81763.0,,,,,,,,,,,,,,993223.0,0.000781498,0.59576
346,chr5,132250904,132250905,rs4594848_rs17622208,0.81286,rs17622208,rs4594848,chr5,132225326.0,132225825.0,81860.0,,,,,,,,,,,,,,25080.0,0.00088436,0.590373
347,chr5,132250904,132250905,rs4594848_rs17622208,0.81286,rs17622208,rs4594848,chr5,132294051.0,132294550.0,81865.0,,,,,,,,,,,,,,-43146.0,0.000277954,0.638297
348,chr5,132256031,132256032,rs112537099_rs17622208,0.8205899999999999,rs17622208,rs112537099,chr5,132227621.0,132228120.0,81861.0,,,,,,27912.0,2.28826e-08,0.834368,,,,,,27912.0,9.77811e-08,0.86778
349,chr5,132256031,132256032,rs112537099_rs17622208,0.8205899999999999,rs17622208,rs112537099,chr5,132257447.0,132257946.0,81863.0,,,,,,-1415.0,1.75649e-05,-0.672466,,,,,,,,
350,chr5,132256031,132256032,rs112537099_rs17622208,0.8205899999999999,rs17622208,rs112537099,chr5,132369457.0,132369956.0,81868.0,,,,,,-113425.0,1.65475e-11,-0.955568,,,,,,-113425.0,3.92635e-06,-0.777984
351,chr5,132256031,132256032,rs112537099_rs17622208,0.8205899999999999,rs17622208,rs112537099,chr5,132456549.0,132457048.0,81879.0,,,,,,-200517.0,2.43307e-06,0.727726,,,,,,-200517.0,0.000426485,0.621199
352,chr5,132256031,132256032,rs112537099_rs17622208,0.8205899999999999,rs17622208,rs112537099,chr5,131257183.0,131257682.0,81763.0,,,,,,,,,,,,,,998350.0,0.000781498,0.59576
353,chr5,132256031,132256032,rs112537099_rs17622208,0.8205899999999999,rs17622208,rs112537099,chr5,132225326.0,132225825.0,81860.0,,,,,,,,,,,,,,30207.0,0.00088436,0.590373
354,chr5,132256031,132256032,rs112537099_rs17622208,0.8205899999999999,rs17622208,rs112537099,chr5,132294051.0,132294550.0,81865.0,,,,,,,,,,,,,,-38019.0,0.000277954,0.638297
355,chr5,132256711,132256712,rs7720230_rs17622208,0.8205899999999999,rs17622208,rs7720230,chr5,132227621.0,132228120.0,81861.0,,,,,,28592.0,2.28826e-08,0.834368,,,,,,28592.0,9.77811e-08,0.86778
356,chr5,132256711,132256712,rs7720230_rs17622208,0.8205899999999999,rs17622208,rs7720230,chr5,132257447.0,132257946.0,81863.0,,,,,,-735.0,1.75649e-05,-0.672466,,,,,,,,
357,chr5,132256711,132256712,rs7720230_rs17622208,0.8205899999999999,rs17622208,rs7720230,chr5,132369457.0,132369956.0,81868.0,,,,,,-112745.0,1.65475e-11,-0.955568,,,,,,-112745.0,3.92635e-06,-0.777984
358,chr5,132256711,132256712,rs7720230_rs17622208,0.8205899999999999,rs17622208,rs7720230,chr5,132456549.0,132457048.0,81879.0,,,,,,-199837.0,2.43307e-06,0.727726,,,,,,-199837.0,0.000426485,0.621199
359,chr5,132256711,132256712,rs7720230_rs17622208,0.8205899999999999,rs17622208,rs7720230,chr5,131257183.0,131257682.0,81763.0,,,,,,,,,,,,,,999030.0,0.000781498,0.59576
360,chr5,132256711,132256712,rs7720230_rs17622208,0.8205899999999999,rs17622208,rs7720230,chr5,132225326.0,132225825.0,81860.0,,,,,,,,,,,,,,30887.0,0.00088436,0.590373
361,chr5,132256711,132256712,rs7720230_rs17622208,0.8205899999999999,rs17622208,rs7720230,chr5,132294051.0,132294550.0,81865.0,,,,,,,,,,,,,,-37339.0,0.000277954,0.638297
362,chr5,132261311,132261312,rs7735891_rs17622208,0.8390799999999999,rs17622208,rs7735891,chr5,132227621.0,132228120.0,81861.0,,,,,,33192.0,2.28826e-08,0.834368,,,,,,33192.0,9.77811e-08,0.86778
363,chr5,132261311,132261312,rs7735891_rs17622208,0.8390799999999999,rs17622208,rs7735891,chr5,132257447.0,132257946.0,81863.0,,,,,,3366.0,1.75649e-05,-0.672466,,,,,,,,
364,chr5,132261311,132261312,rs7735891_rs17622208,0.8390799999999999,rs17622208,rs7735891,chr5,132369457.0,132369956.0,81868.0,,,,,,-108145.0,1.65475e-11,-0.955568,,,,,,-108145.0,3.92635e-06,-0.777984
365,chr5,132261311,132261312,rs7735891_rs17622208,0.8390799999999999,rs17622208,rs7735891,chr5,132456549.0,132457048.0,81879.0,,,,,,-195237.0,2.43307e-06,0.727726,,,,,,-195237.0,0.000426485,0.621199
366,chr5,132261311,132261312,rs7735891_rs17622208,0.8390799999999999,rs17622208,rs7735891,chr5,132225326.0,132225825.0,81860.0,,,,,,,,,,,,,,35487.0,0.00088436,0.590373
367,chr5,132261311,132261312,rs7735891_rs17622208,0.8390799999999999,rs17622208,rs7735891,chr5,132294051.0,132294550.0,81865.0,,,,,,,,,,,,,,-32739.0,0.000277954,0.638297
368,chr5,132264493,132264494,rs13357280_rs17622208,0.842823,rs17622208,rs13357280,chr5,132227621.0,132228120.0,81861.0,,,,,,36374.0,3.40375e-08,0.838254,,,,,,36374.0,4.64795e-07,0.848283
369,chr5,132264493,132264494,rs13357280_rs17622208,0.842823,rs17622208,rs13357280,chr5,132257447.0,132257946.0,81863.0,,,,,,6548.0,1.46807e-05,-0.687557,,,,,,,,
370,chr5,132264493,132264494,rs13357280_rs17622208,0.842823,rs17622208,rs13357280,chr5,132369457.0,132369956.0,81868.0,,,,,,-104963.0,1.49402e-11,-0.970788,,,,,,-104963.0,5.77263e-06,-0.781643
371,chr5,132264493,132264494,rs13357280_rs17622208,0.842823,rs17622208,rs13357280,chr5,132456549.0,132457048.0,81879.0,,,,,,-192055.0,1.30713e-06,0.754393,,,,,,-192055.0,0.000507552,0.625606
372,chr5,132264493,132264494,rs13357280_rs17622208,0.842823,rs17622208,rs13357280,chr5,132116889.0,132117388.0,81855.0,,,,,,,,,,,,,,147106.0,0.000317988,0.644916
373,chr5,132264493,132264494,rs13357280_rs17622208,0.842823,rs17622208,rs13357280,chr5,132294051.0,132294550.0,81865.0,,,,,,,,,,,,,,-29557.0,0.000544092,0.62266
374,chr5,132269977,132269978,rs146077748_rs17622208,0.802798,rs17622208,rs146077748,,,,,,,,,,,,,,,,,,,,
375,chr5,132271708,132271709,rs10479000_rs17622208,0.8390799999999999,rs17622208,rs10479000,chr5,132227621.0,132228120.0,81861.0,,,,,,43589.0,2.06393e-07,0.810505,,,,,,43589.0,4.64795e-07,0.848283
376,chr5,132271708,132271709,rs10479000_rs17622208,0.8390799999999999,rs17622208,rs10479000,chr5,132257447.0,132257946.0,81863.0,,,,,,13763.0,2.56223e-05,-0.680199,,,,,,,,
377,chr5,132271708,132271709,rs10479000_rs17622208,0.8390799999999999,rs17622208,rs10479000,chr5,132369457.0,132369956.0,81868.0,,,,,,-97748.0,3.59228e-12,-1.00461,,,,,,-97748.0,5.77263e-06,-0.781643
378,chr5,132271708,132271709,rs10479000_rs17622208,0.8390799999999999,rs17622208,rs10479000,chr5,132456549.0,132457048.0,81879.0,,,,,,-184840.0,6.16329e-07,0.784278,,,,,,-184840.0,0.000507552,0.625606
379,chr5,132271708,132271709,rs10479000_rs17622208,0.8390799999999999,rs17622208,rs10479000,chr5,132116889.0,132117388.0,81855.0,,,,,,,,,,,,,,154321.0,0.000317988,0.644916
380,chr5,132271708,132271709,rs10479000_rs17622208,0.8390799999999999,rs17622208,rs10479000,chr5,132294051.0,132294550.0,81865.0,,,,,,,,,,,,,,-22342.0,0.000544092,0.62266
381,chr5,132287664,132287665,rs7705189_rs17622208,0.81891,rs17622208,rs7705189,chr5,132227621.0,132228120.0,81861.0,,,,,,59545.0,3.40375e-08,0.838254,,,,,,59545.0,4.64795e-07,0.848283
382,chr5,132287664,132287665,rs7705189_rs17622208,0.81891,rs17622208,rs7705189,chr5,132257447.0,132257946.0,81863.0,,,,,,29719.0,1.46807e-05,-0.687557,,,,,,,,
383,chr5,132287664,132287665,rs7705189_rs17622208,0.81891,rs17622208,rs7705189,chr5,132369457.0,132369956.0,81868.0,,,,,,-81792.0,1.49402e-11,-0.970788,,,,,,-81792.0,5.77263e-06,-0.781643
384,chr5,132287664,132287665,rs7705189_rs17622208,0.81891,rs17622208,rs7705189,chr5,132456549.0,132457048.0,81879.0,,,,,,-168884.0,1.30713e-06,0.754393,,,,,,-168884.0,0.000507552,0.625606
385,chr5,132287664,132287665,rs7705189_rs17622208,0.81891,rs17622208,rs7705189,chr5,132116889.0,132117388.0,81855.0,,,,,,,,,,,,,,170277.0,0.000317988,0.644916
386,chr5,132287664,132287665,rs7705189_rs17622208,0.81891,rs17622208,rs7705189,chr5,132294051.0,132294550.0,81865.0,,,,,,,,,,,,,,-6386.0,0.000544092,0.62266
387,chr5,132302630,132302631,rs72795121_rs17622208,0.976054,rs17622208,rs72795121,chr5,132227621.0,132228120.0,81861.0,,,,,,74511.0,1.35462e-07,0.808542,,,,,,74511.0,8.62791e-07,0.832995
388,chr5,132302630,132302631,rs72795121_rs17622208,0.976054,rs17622208,rs72795121,chr5,132257447.0,132257946.0,81863.0,,,,,,44685.0,3.91454e-05,-0.657159,,,,,,,,
389,chr5,132302630,132302631,rs72795121_rs17622208,0.976054,rs17622208,rs72795121,chr5,132369457.0,132369956.0,81868.0,,,,,,-66826.0,6.08831e-12,-0.983266,,,,,,-66826.0,6.61079e-07,-0.839656
390,chr5,132302630,132302631,rs72795121_rs17622208,0.976054,rs17622208,rs72795121,chr5,132456549.0,132457048.0,81879.0,,,,,,-153918.0,7.74517e-07,0.767549,,,,,,-153918.0,0.000787283,0.606652
391,chr5,132302630,132302631,rs72795121_rs17622208,0.976054,rs17622208,rs72795121,chr5,132116889.0,132117388.0,81855.0,,,,,,,,,,,,,,185243.0,0.000273227,0.650998
392,chr5,132316835,132316836,rs11950562_rs17622208,0.991941,rs17622208,rs11950562,chr5,132227621.0,132228120.0,81861.0,,,,,,88716.0,1.35462e-07,0.808542,,,,,,88716.0,8.62791e-07,0.832995
393,chr5,132316835,132316836,rs11950562_rs17622208,0.991941,rs17622208,rs11950562,chr5,132257447.0,132257946.0,81863.0,,,,,,58890.0,3.91454e-05,-0.657159,,,,,,,,
394,chr5,132316835,132316836,rs11950562_rs17622208,0.991941,rs17622208,rs11950562,chr5,132369457.0,132369956.0,81868.0,,,,,,-52621.0,6.08831e-12,-0.983266,,,,,,-52621.0,6.61079e-07,-0.839656
395,chr5,132316835,132316836,rs11950562_rs17622208,0.991941,rs17622208,rs11950562,chr5,132456549.0,132457048.0,81879.0,,,,,,-139713.0,7.74517e-07,0.767549,,,,,,-139713.0,0.000787283,0.606652
396,chr5,132316835,132316836,rs11950562_rs17622208,0.991941,rs17622208,rs11950562,chr5,132116889.0,132117388.0,81855.0,,,,,,,,,,,,,,199448.0,0.000273227,0.650998
397,chr5,132328944,132328945,rs56083751_rs17622208,0.995974,rs17622208,rs56083751,chr5,132227621.0,132228120.0,81861.0,,,,,,100825.0,1.26842e-06,0.708415,,,,,,100825.0,5.32606e-05,0.656282
398,chr5,132328944,132328945,rs56083751_rs17622208,0.995974,rs17622208,rs56083751,chr5,132257447.0,132257946.0,81863.0,,,,,,70999.0,3.40349e-06,-0.684063,,,,,,,,
399,chr5,132328944,132328945,rs56083751_rs17622208,0.995974,rs17622208,rs56083751,chr5,132369457.0,132369956.0,81868.0,,,,,,-40512.0,1.59087e-10,-0.87746,,,,,,-40512.0,1.27536e-06,-0.759097
400,chr5,132328944,132328945,rs56083751_rs17622208,0.995974,rs17622208,rs56083751,chr5,132456549.0,132457048.0,81879.0,,,,,,-127604.0,1.75701e-06,0.700543,,,,,,-127604.0,0.00019541,0.612572
401,chr5,132328944,132328945,rs56083751_rs17622208,0.995974,rs17622208,rs56083751,chr5,132116889.0,132117388.0,81855.0,,,,,,,,,,,,,,211557.0,0.000393649,0.586813
402,chr5,132328944,132328945,rs56083751_rs17622208,0.995974,rs17622208,rs56083751,chr5,132225326.0,132225825.0,81860.0,,,,,,,,,,,,,,103120.0,0.000405518,0.585683
403,chr5,132328944,132328945,rs56083751_rs17622208,0.995974,rs17622208,rs56083751,chr5,132334777.0,132335276.0,81866.0,,,,,,,,,,,,,,-5832.0,0.000718951,-0.56323
404,chr5,132336963,132336964,rs56399423_rs17622208,0.804616,rs17622208,rs56399423,chr5,132227621.0,132228120.0,81861.0,,,,,,108844.0,2.32438e-07,0.787676,,,,,,108844.0,1.37751e-05,0.755643
405,chr5,132336963,132336964,rs56399423_rs17622208,0.804616,rs17622208,rs56399423,chr5,132257447.0,132257946.0,81863.0,,,,,,79018.0,6.64103e-05,-0.632926,,,,,,,,
406,chr5,132336963,132336964,rs56399423_rs17622208,0.804616,rs17622208,rs56399423,chr5,132369457.0,132369956.0,81868.0,,,,,,-32493.0,2.54911e-10,-0.917784,,,,,,-32493.0,7.33592e-05,-0.700343
407,chr5,132336963,132336964,rs56399423_rs17622208,0.804616,rs17622208,rs56399423,chr5,132456549.0,132457048.0,81879.0,,,,,,-119585.0,4.37586e-08,0.824006,,,,,,-119585.0,0.000321527,0.644469
408,chr5,132336963,132336964,rs56399423_rs17622208,0.804616,rs17622208,rs56399423,chr5,133331755.0,133332254.0,81944.0,,,,,,-994791.0,0.000420194,-0.567194,,,,,,,,
409,chr5,132336963,132336964,rs56399423_rs17622208,0.804616,rs17622208,rs56399423,chr5,132116889.0,132117388.0,81855.0,,,,,,,,,,,,,,219576.0,0.000361393,0.639718
410,chr5,132340626,132340627,rs1050152_rs17622208,0.8012520000000001,rs17622208,rs1050152,chr5,132227621.0,132228120.0,81861.0,,,,,,112507.0,2.32438e-07,0.787676,,,,,,112507.0,1.37751e-05,0.755643
411,chr5,132340626,132340627,rs1050152_rs17622208,0.8012520000000001,rs17622208,rs1050152,chr5,132257447.0,132257946.0,81863.0,,,,,,82681.0,6.64103e-05,-0.632926,,,,,,,,
412,chr5,132340626,132340627,rs1050152_rs17622208,0.8012520000000001,rs17622208,rs1050152,chr5,132369457.0,132369956.0,81868.0,,,,,,-28830.0,2.54911e-10,-0.917784,,,,,,-28830.0,7.33592e-05,-0.700343
413,chr5,132340626,132340627,rs1050152_rs17622208,0.8012520000000001,rs17622208,rs1050152,chr5,132456549.0,132457048.0,81879.0,,,,,,-115922.0,4.37586e-08,0.824006,,,,,,-115922.0,0.000321527,0.644469
414,chr5,132340626,132340627,rs1050152_rs17622208,0.8012520000000001,rs17622208,rs1050152,chr5,133331755.0,133332254.0,81944.0,,,,,,-991128.0,0.000420194,-0.567194,,,,,,,,
415,chr5,132340626,132340627,rs1050152_rs17622208,0.8012520000000001,rs17622208,rs1050152,chr5,132116889.0,132117388.0,81855.0,,,,,,,,,,,,,,223239.0,0.000361393,0.639718
416,chr5,132341353,132341354,rs11242109_rs17622208,0.979952,rs17622208,rs11242109,chr5,132227621.0,132228120.0,81861.0,,,,,,113234.0,5.0675e-07,0.789811,,,,,,113234.0,2.14759e-06,0.825688
417,chr5,132341353,132341354,rs11242109_rs17622208,0.979952,rs17622208,rs11242109,chr5,132257447.0,132257946.0,81863.0,,,,,,83408.0,4.59361e-05,-0.661965,,,,,,,,
418,chr5,132341353,132341354,rs11242109_rs17622208,0.979952,rs17622208,rs11242109,chr5,132369457.0,132369956.0,81868.0,,,,,,-28103.0,3.59131e-12,-1.00552,,,,,,-28103.0,8.7403e-07,-0.849606
419,chr5,132341353,132341354,rs11242109_rs17622208,0.979952,rs17622208,rs11242109,chr5,132456549.0,132457048.0,81879.0,,,,,,-115195.0,1.10562e-06,0.770252,,,,,,,,
420,chr5,132341353,132341354,rs11242109_rs17622208,0.979952,rs17622208,rs11242109,chr5,133331755.0,133332254.0,81944.0,,,,,,-990401.0,0.00090026,-0.551007,,,,,,,,
421,chr5,132341353,132341354,rs11242109_rs17622208,0.979952,rs17622208,rs11242109,chr5,132116889.0,132117388.0,81855.0,,,,,,,,,,,,,,223966.0,7.07116e-05,0.715915
422,chr5,132341948,132341949,rs10075801_rs17622208,0.98001,rs17622208,rs10075801,chr5,132227621.0,132228120.0,81861.0,,,,,,113829.0,1.35462e-07,0.808542,,,,,,113829.0,8.62791e-07,0.832995
423,chr5,132341948,132341949,rs10075801_rs17622208,0.98001,rs17622208,rs10075801,chr5,132257447.0,132257946.0,81863.0,,,,,,84003.0,3.91454e-05,-0.657159,,,,,,,,
424,chr5,132341948,132341949,rs10075801_rs17622208,0.98001,rs17622208,rs10075801,chr5,132369457.0,132369956.0,81868.0,,,,,,-27508.0,6.08831e-12,-0.983266,,,,,,-27508.0,6.61079e-07,-0.839656
425,chr5,132341948,132341949,rs10075801_rs17622208,0.98001,rs17622208,rs10075801,chr5,132456549.0,132457048.0,81879.0,,,,,,-114600.0,7.74517e-07,0.767549,,,,,,-114600.0,0.000787283,0.606652
426,chr5,132341948,132341949,rs10075801_rs17622208,0.98001,rs17622208,rs10075801,chr5,133331755.0,133332254.0,81944.0,,,,,,-989806.0,0.000810947,-0.547044,,,,,,,,
427,chr5,132341948,132341949,rs10075801_rs17622208,0.98001,rs17622208,rs10075801,chr5,132116889.0,132117388.0,81855.0,,,,,,,,,,,,,,224561.0,0.000273227,0.650998
428,chr5,132350452,132350453,rs10058074_rs17622208,0.976054,rs17622208,rs10058074,chr5,132227621.0,132228120.0,81861.0,,,,,,122333.0,1.35462e-07,0.808542,,,,,,122333.0,8.62791e-07,0.832995
429,chr5,132350452,132350453,rs10058074_rs17622208,0.976054,rs17622208,rs10058074,chr5,132257447.0,132257946.0,81863.0,,,,,,92507.0,3.91454e-05,-0.657159,,,,,,,,
430,chr5,132350452,132350453,rs10058074_rs17622208,0.976054,rs17622208,rs10058074,chr5,132369457.0,132369956.0,81868.0,,,,,,-19004.0,6.08831e-12,-0.983266,,,,,,-19004.0,6.61079e-07,-0.839656
431,chr5,132350452,132350453,rs10058074_rs17622208,0.976054,rs17622208,rs10058074,chr5,132456549.0,132457048.0,81879.0,,,,,,-106096.0,7.74517e-07,0.767549,,,,,,-106096.0,0.000787283,0.606652
432,chr5,132350452,132350453,rs10058074_rs17622208,0.976054,rs17622208,rs10058074,chr5,133331755.0,133332254.0,81944.0,,,,,,-981302.0,0.000810947,-0.547044,,,,,,,,
433,chr5,132350452,132350453,rs10058074_rs17622208,0.976054,rs17622208,rs10058074,chr5,132116889.0,132117388.0,81855.0,,,,,,,,,,,,,,233065.0,0.000273227,0.650998
434,chr5,132358383,132358384,rs4705938_rs17622208,0.995974,rs17622208,rs4705938,chr5,132227621.0,132228120.0,81861.0,,,,,,130264.0,1.35462e-07,0.808542,,,,,,130264.0,8.62791e-07,0.832995
435,chr5,132358383,132358384,rs4705938_rs17622208,0.995974,rs17622208,rs4705938,chr5,132257447.0,132257946.0,81863.0,,,,,,100438.0,3.91454e-05,-0.657159,,,,,,,,
436,chr5,132358383,132358384,rs4705938_rs17622208,0.995974,rs17622208,rs4705938,chr5,132369457.0,132369956.0,81868.0,,,,,,-11073.0,6.08831e-12,-0.983266,,,,,,-11073.0,6.61079e-07,-0.839656
437,chr5,132358383,132358384,rs4705938_rs17622208,0.995974,rs17622208,rs4705938,chr5,132456549.0,132457048.0,81879.0,,,,,,-98165.0,7.74517e-07,0.767549,,,,,,-98165.0,0.000787283,0.606652
438,chr5,132358383,132358384,rs4705938_rs17622208,0.995974,rs17622208,rs4705938,chr5,133331755.0,133332254.0,81944.0,,,,,,-973371.0,0.000810947,-0.547044,,,,,,,,
439,chr5,132358383,132358384,rs4705938_rs17622208,0.995974,rs17622208,rs4705938,chr5,132116889.0,132117388.0,81855.0,,,,,,,,,,,,,,240996.0,0.000273227,0.650998
440,chr5,132369765,132369766,rs2631367_rs17622208,0.979952,rs17622208,rs2631367,chr5,132369457.0,132369956.0,81868.0,0.0,3.59131e-12,1.00552,5.7922e-09,5.952786482421875e-07,0.0,3.59131e-12,1.00552,,,,,,0.0,8.7403e-07,0.849606
441,chr5,132369765,132369766,rs2631367_rs17622208,0.979952,rs17622208,rs2631367,chr5,132227621.0,132228120.0,81861.0,,,,,,141646.0,5.0675e-07,-0.789811,,,,,,141646.0,2.14759e-06,-0.825688
442,chr5,132369765,132369766,rs2631367_rs17622208,0.979952,rs17622208,rs2631367,chr5,132257447.0,132257946.0,81863.0,,,,,,111820.0,4.59361e-05,0.661965,,,,,,,,
443,chr5,132369765,132369766,rs2631367_rs17622208,0.979952,rs17622208,rs2631367,chr5,132456549.0,132457048.0,81879.0,,,,,,-86783.0,1.10562e-06,-0.770252,,,,,,,,
444,chr5,132369765,132369766,rs2631367_rs17622208,0.979952,rs17622208,rs2631367,chr5,133331755.0,133332254.0,81944.0,,,,,,-961989.0,0.00090026,0.551007,,,,,,,,
445,chr5,132369765,132369766,rs2631367_rs17622208,0.979952,rs17622208,rs2631367,chr5,132116889.0,132117388.0,81855.0,,,,,,,,,,,,,,252378.0,7.07116e-05,-0.715915
446,chr5,132371736,132371737,rs2631360_rs17622208,0.98401,rs17622208,rs2631360,chr5,132227621.0,132228120.0,81861.0,,,,,,143617.0,5.0675e-07,-0.789811,,,,,,143617.0,2.14759e-06,-0.825688
447,chr5,132371736,132371737,rs2631360_rs17622208,0.98401,rs17622208,rs2631360,chr5,132257447.0,132257946.0,81863.0,,,,,,113791.0,4.59361e-05,0.661965,,,,,,,,
448,chr5,132371736,132371737,rs2631360_rs17622208,0.98401,rs17622208,rs2631360,chr5,132369457.0,132369956.0,81868.0,,,,,,1781.0,3.59131e-12,1.00552,,,,,,1781.0,8.7403e-07,0.849606
449,chr5,132371736,132371737,rs2631360_rs17622208,0.98401,rs17622208,rs2631360,chr5,132456549.0,132457048.0,81879.0,,,,,,-84812.0,1.10562e-06,-0.770252,,,,,,,,
450,chr5,132371736,132371737,rs2631360_rs17622208,0.98401,rs17622208,rs2631360,chr5,133331755.0,133332254.0,81944.0,,,,,,-960018.0,0.00090026,0.551007,,,,,,,,
451,chr5,132371736,132371737,rs2631360_rs17622208,0.98401,rs17622208,rs2631360,chr5,132116889.0,132117388.0,81855.0,,,,,,,,,,,,,,254349.0,7.07116e-05,-0.715915
452,chr5,132373184,132373185,rs10060615_rs17622208,0.98001,rs17622208,rs10060615,chr5,132227621.0,132228120.0,81861.0,,,,,,145065.0,1.35462e-07,0.808542,,,,,,145065.0,8.62791e-07,0.832995
453,chr5,132373184,132373185,rs10060615_rs17622208,0.98001,rs17622208,rs10060615,chr5,132257447.0,132257946.0,81863.0,,,,,,115239.0,3.91454e-05,-0.657159,,,,,,,,
454,chr5,132373184,132373185,rs10060615_rs17622208,0.98001,rs17622208,rs10060615,chr5,132369457.0,132369956.0,81868.0,,,,,,3229.0,6.08831e-12,-0.983266,3229.0,6.61079e-07,-0.839656,0.000593241,0.0161741164764248,3229.0,6.61079e-07,-0.839656
455,chr5,132373184,132373185,rs10060615_rs17622208,0.98001,rs17622208,rs10060615,chr5,132456549.0,132457048.0,81879.0,,,,,,-83364.0,7.74517e-07,0.767549,,,,,,-83364.0,0.000787283,0.606652
456,chr5,132373184,132373185,rs10060615_rs17622208,0.98001,rs17622208,rs10060615,chr5,133331755.0,133332254.0,81944.0,,,,,,-958570.0,0.000810947,-0.547044,,,,,,,,
457,chr5,132373184,132373185,rs10060615_rs17622208,0.98001,rs17622208,rs10060615,chr5,132116889.0,132117388.0,81855.0,,,,,,,,,,,,,,255797.0,0.000273227,0.650998
458,chr5,132373339,132373340,rs112838960_rs17622208,0.98401,rs17622208,rs112838960,,,,,,,,,,,,,,,,,,,,
459,chr5,132374706,132374707,rs200838_rs17622208,0.98401,rs17622208,rs200838,chr5,132227621.0,132228120.0,81861.0,,,,,,146587.0,5.0675e-07,-0.789811,,,,,,146587.0,2.14759e-06,-0.825688
460,chr5,132374706,132374707,rs200838_rs17622208,0.98401,rs17622208,rs200838,chr5,132257447.0,132257946.0,81863.0,,,,,,116761.0,4.59361e-05,0.661965,,,,,,,,
461,chr5,132374706,132374707,rs200838_rs17622208,0.98401,rs17622208,rs200838,chr5,132369457.0,132369956.0,81868.0,,,,,,4751.0,3.59131e-12,1.00552,,,,,,4751.0,8.7403e-07,0.849606
462,chr5,132374706,132374707,rs200838_rs17622208,0.98401,rs17622208,rs200838,chr5,132456549.0,132457048.0,81879.0,,,,,,-81842.0,1.10562e-06,-0.770252,,,,,,,,
463,chr5,132374706,132374707,rs200838_rs17622208,0.98401,rs17622208,rs200838,chr5,133331755.0,133332254.0,81944.0,,,,,,-957048.0,0.00090026,0.551007,,,,,,,,
464,chr5,132374706,132374707,rs200838_rs17622208,0.98401,rs17622208,rs200838,chr5,132116889.0,132117388.0,81855.0,,,,,,,,,,,,,,257319.0,7.07116e-05,-0.715915
465,chr5,132381357,132381358,rs17622208_rs17622208,1.0,rs17622208,rs17622208,chr5,132227621.0,132228120.0,81861.0,,,,,,153238.0,1.35462e-07,0.808542,,,,,,153238.0,8.62791e-07,0.832995
466,chr5,132381357,132381358,rs17622208_rs17622208,1.0,rs17622208,rs17622208,chr5,132257447.0,132257946.0,81863.0,,,,,,123412.0,3.91454e-05,-0.657159,,,,,,,,
467,chr5,132381357,132381358,rs17622208_rs17622208,1.0,rs17622208,rs17622208,chr5,132369457.0,132369956.0,81868.0,,,,,,11402.0,6.08831e-12,-0.983266,,,,,,11402.0,6.61079e-07,-0.839656
468,chr5,132381357,132381358,rs17622208_rs17622208,1.0,rs17622208,rs17622208,chr5,132456549.0,132457048.0,81879.0,,,,,,-75191.0,7.74517e-07,0.767549,,,,,,-75191.0,0.000787283,0.606652
469,chr5,132381357,132381358,rs17622208_rs17622208,1.0,rs17622208,rs17622208,chr5,133331755.0,133332254.0,81944.0,,,,,,-950397.0,0.000810947,-0.547044,,,,,,,,
470,chr5,132381357,132381358,rs17622208_rs17622208,1.0,rs17622208,rs17622208,chr5,132116889.0,132117388.0,81855.0,,,,,,,,,,,,,,263970.0,0.000273227,0.650998
471,chr5,132660150,132660151,rs1295686_rs848,0.958829,rs848,rs1295686,chr5,132656324.0,132656823.0,81893.0,,,,,,3328.0,0.000181664,-0.888437,,,,,,,,
472,chr5,132660271,132660272,rs20541_rs848,0.964655,rs848,rs20541,chr5,132656324.0,132656823.0,81893.0,3449.0,9.73049e-05,-1.02779,0.062292,0.4010981270190896,3449.0,9.73049e-05,-1.02779,,,,,,,,
473,chr5,132660271,132660272,rs20541_rs848,0.964655,rs848,rs20541,chr5,131796847.0,131797346.0,81828.0,,,,,,,,,862926.0,0.00677462,-0.834473,0.660267,0.9122563920055642,,,
474,chr5,132660752,132660753,rs1295685_rs848,0.982261,rs848,rs1295685,chr5,132656324.0,132656823.0,81893.0,,,,,,3930.0,0.000312733,-0.976137,,,,,,,,
475,chr5,132660807,132660808,rs848_rs848,1.0,rs848,rs848,chr5,132656324.0,132656823.0,81893.0,,,,,,3985.0,0.000411649,-0.912711,,,,,,,,
476,chr5,132660976,132660977,rs847_rs848,0.988159,rs848,rs847,chr5,132656324.0,132656823.0,81893.0,,,,,,4154.0,0.000312733,-0.976137,,,,,,,,
477,chr5,151084455,151084456,rs115682037_rs76956521,0.8540409999999999,rs76956521,rs115682037,,,,,,,,,,,,,,,,,,,,
478,chr5,151085017,151085018,rs75851973_rs76956521,1.0,rs76956521,rs75851973,,,,,,,,,,,,,,,,,,,,
479,chr5,151085079,151085080,rs76956521_rs76956521,1.0,rs76956521,rs76956521,,,,,,,,,,,,,,,,,,,,
480,chr5,151087128,151087129,rs8177833_rs76956521,1.0,rs76956521,rs8177833,,,,,,,,,,,,,,,,,,,,
481,chr5,151087627,151087628,rs2233278_rs76956521,1.0,rs76956521,rs2233278,,,,,,,,,,,,,,,,,,,,
482,chr5,151090411,151090412,rs74817271_rs76956521,0.984862,rs76956521,rs74817271,,,,,,,,,,,,,,,,,,,,
483,chr5,151092316,151092317,rs146571698_rs76956521,1.0,rs76956521,rs146571698,,,,,,,,,,,,,,,,,,,,
484,chr5,151097113,151097114,rs79901336_rs76956521,0.984662,rs76956521,rs79901336,,,,,,,,,,,,,,,,,,,,
485,chr5,151098661,151098662,rs76462670_rs76956521,0.984662,rs76956521,rs76462670,,,,,,,,,,,,,,,,,,,,
486,chr5,151098756,151098757,rs17728338_rs76956521,0.969497,rs76956521,rs17728338,,,,,,,,,,,,,,,,,,,,
487,chr5,159337168,159337169,rs7709212_rs62377586,0.987018,rs62377586,rs7709212,,,,,,,,,,,,,,,,,,,,
488,chr5,159337469,159337470,rs4921482_rs62377586,0.991321,rs62377586,rs4921482,,,,,,,,,,,,,,,,,,,,
489,chr5,159339013,159339014,rs62377586_rs62377586,1.0,rs62377586,rs62377586,,,,,,,,,,,,,,,,,,,,
490,chr5,159344328,159344329,rs11135059_rs62377586,0.813304,rs62377586,rs11135059,chr5,160021742.0,160022241.0,83282.0,,,,,,-677413.0,0.000897996,0.656205,,,,,,,,
491,chr5,159344810,159344811,rs4921485_rs62377586,0.813304,rs62377586,rs4921485,chr5,160021742.0,160022241.0,83282.0,,,,,,-676931.0,0.000897996,0.656205,,,,,,,,
492,chr5,159349992,159349993,rs7725339_rs62377586,0.813304,rs62377586,rs7725339,chr5,160021742.0,160022241.0,83282.0,,,,,,-671749.0,0.000897996,0.656205,,,,,,,,
493,chr5,159354244,159354245,rs139840232_rs62377586,0.813304,rs62377586,rs139840232,,,,,,,,,,,,,,,,,,,,
494,chr5,159355680,159355681,rs9968642_rs62377586,0.813304,rs62377586,rs9968642,chr5,160021742.0,160022241.0,83282.0,,,,,,-666061.0,0.000897996,0.656205,,,,,,,,
495,chr5,159360376,159360377,rs6556412_rs62377586,0.813304,rs62377586,rs6556412,chr5,160021742.0,160022241.0,83282.0,,,,,,-661365.0,0.000897996,0.656205,,,,,,,,
496,chr5,159363124,159363125,rs56276983_rs62377586,0.813304,rs62377586,rs56276983,,,,,,,,,,,,,,,,,,,,
497,chr5,159370623,159370624,rs6861973_rs62377586,0.813304,rs62377586,rs6861973,chr5,160021742.0,160022241.0,83282.0,,,,,,-651118.0,0.000897996,0.656205,,,,,,,,
498,chr5,159370718,159370719,rs12515766_rs62377586,0.813304,rs62377586,rs12515766,chr5,160021742.0,160022241.0,83282.0,,,,,,-651023.0,0.000897996,0.656205,,,,,,,,
499,chr5,159371066,159371067,rs6898844_rs62377586,0.813304,rs62377586,rs6898844,chr5,160021742.0,160022241.0,83282.0,,,,,,-650675.0,0.000897996,0.656205,,,,,,,,
500,chr5,159374178,159374179,rs6864071_rs62377586,0.813304,rs62377586,rs6864071,chr5,160021742.0,160022241.0,83282.0,,,,,,-647563.0,0.000897996,0.656205,,,,,,,,
501,chr5,159375434,159375435,rs4413517_rs62377586,0.813304,rs62377586,rs4413517,chr5,160021742.0,160022241.0,83282.0,,,,,,-646307.0,0.000897996,0.656205,,,,,,,,
502,chr5,159377173,159377174,rs4921224_rs62377586,0.813304,rs62377586,rs4921224,chr5,160021742.0,160022241.0,83282.0,,,,,,-644568.0,0.000897996,0.656205,,,,,,,,
503,chr5,159377919,159377920,rs4379175_rs62377586,0.813304,rs62377586,rs4379175,chr5,160021742.0,160022241.0,83282.0,,,,,,-643822.0,0.000897996,0.656205,,,,,,,,
504,chr5,159399348,159399349,rs918519_rs733589,0.8480110000000001,rs733589,rs918519,,,,,,,,,,,,,,,,,,,,
505,chr5,159399484,159399485,rs918518_rs733589,0.891882,rs733589,rs918518,,,,,,,,,,,,,,,,,,,,
506,chr5,159399864,159399865,rs11384732_rs733589,0.961662,rs733589,rs11384732,,,,,,,,,,,,,,,,,,,,
507,chr5,159400030,159400031,rs6870774_rs733589,0.944662,rs733589,rs6870774,,,,,,,,,,,,,,,,,,,,
508,chr5,159402280,159402281,rs733589_rs733589,1.0,rs733589,rs733589,,,,,,,,,,,,,,,,,,,,
509,chr5,159411233,159411234,rs60154643_rs733589,0.8352709999999999,rs733589,rs60154643,,,,,,,,,,,,,,,,,,,,
510,chr5,159412243,159412244,rs1984811_rs733589,0.829873,rs733589,rs1984811,,,,,,,,,,,,,,,,,,,,
511,chr5,159415274,159415275,rs71791480_rs733589,0.857461,rs733589,rs71791480,,,,,,,,,,,,,,,,,,,,
512,chr5,159415283,159415284,rs377703718_rs733589,0.857461,rs733589,rs377703718,,,,,,,,,,,,,,,,,,,,
513,chr5,159415288,159415289,rs9632438_rs733589,0.857461,rs733589,rs9632438,,,,,,,,,,,,,,,,,,,,
514,chr5,159417031,159417032,rs9632436_rs733589,0.851039,rs733589,rs9632436,,,,,,,,,,,,,,,,,,,,
515,chr5,159418560,159418561,rs79721398_rs733589,0.863139,rs733589,rs79721398,,,,,,,,,,,,,,,,,,,,
516,chr5,159419563,159419564,rs6556419_rs733589,0.857461,rs733589,rs6556419,,,,,,,,,,,,,,,,,,,,
517,chr5,159419700,159419701,rs6556420_rs733589,0.857461,rs733589,rs6556420,,,,,,,,,,,,,,,,,,,,
518,chr5,159419767,159419768,rs6556421_rs733589,0.857461,rs733589,rs6556421,,,,,,,,,,,,,,,,,,,,
519,chr5,159420718,159420719,rs6875350_rs733589,0.813938,rs733589,rs6875350,,,,,,,,,,,,,,,,,,,,
520,chr5,159420719,159420720,rs6889325_rs733589,0.813938,rs733589,rs6889325,,,,,,,,,,,,,,,,,,,,
521,chr5,159421062,159421063,rs4921496_rs733589,0.813938,rs733589,rs4921496,,,,,,,,,,,,,,,,,,,,
522,chr5,159421543,159421544,rs4921499_rs733589,0.813938,rs733589,rs4921499,,,,,,,,,,,,,,,,,,,,
523,chr5,159423504,159423505,rs4921500_rs733589,0.8479540000000001,rs733589,rs4921500,,,,,,,,,,,,,,,,,,,,
524,chr5,159430464,159430465,rs7702534_rs733589,0.813938,rs733589,rs7702534,,,,,,,,,,,,,,,,,,,,
525,chr5,159477620,159477621,rs6869898_rs2421185,1.0,rs2421185,rs6869898,,,,,,,,,,,,,,,,,,,,
526,chr5,159488593,159488594,rs2421185_rs2421185,1.0,rs2421185,rs2421185,,,,,,,,,,,,,,,,,,,,
527,chr6,111592058,111592059,rs33980500_rs33980500,1.0,rs33980500,rs33980500,chr6,111487627.0,111488126.0,88264.0,,,,,,103933.0,0.00058295,-0.88405,,,,,,,,
528,chr6,111673923,111673924,rs13203885_rs13203885,1.0,rs13203885,rs13203885,chr6,112087318.0,112087817.0,88351.0,,,,,,-413394.0,0.000821524,0.897059,,,,,,,,
529,chr6,111673923,111673924,rs13203885_rs13203885,1.0,rs13203885,rs13203885,chr6,111175066.0,111175565.0,88248.0,,,,,,,,,498359.0,0.000650578,0.977037,0.303195,0.7596635736256934,498359.0,0.000650578,0.977037
530,chr6,137862269,137862270,rs10709357_rs610604,0.857576,rs610604,rs10709357,,,,,,,,,,,,,,,,,,,,
531,chr6,137864314,137864315,rs654874_rs610604,0.8905129999999999,rs610604,rs654874,,,,,,,,,,,,,,,,,,,,
532,chr6,137868980,137868981,rs374184737_rs610604,0.907536,rs610604,rs374184737,,,,,,,,,,,,,,,,,,,,
533,chr6,137873903,137873904,rs629953_rs610604,0.9036,rs610604,rs629953,,,,,,,,,,,,,,,,,,,,
534,chr6,137874823,137874824,rs71670547_rs610604,0.8996850000000001,rs610604,rs71670547,,,,,,,,,,,,,,,,,,,,
535,chr6,137876193,137876194,rs661561_rs610604,0.9036,rs610604,rs661561,,,,,,,,,,,,,,,,,,,,
536,chr6,137878279,137878280,rs610604_rs610604,1.0,rs610604,rs610604,,,,,,,,,,,,,,,,,,,,
537,chr6,137885904,137885905,rs622091_rs610604,0.973444,rs610604,rs622091,,,,,,,,,,,,,,,,,,,,
538,chr6,137886591,137886592,rs1082428_rs610604,0.973444,rs610604,rs1082428,,,,,,,,,,,,,,,,,,,,
539,chr6,137888647,137888648,rs603904_rs610604,0.879618,rs610604,rs603904,,,,,,,,,,,,,,,,,,,,
540,chr6,137889399,137889400,rs1082425_rs610604,0.977847,rs610604,rs1082425,,,,,,,,,,,,,,,,,,,,
541,chr6,137891582,137891583,rs601035_rs610604,0.879618,rs610604,rs601035,,,,,,,,,,,,,,,,,,,,
542,chr6,137892157,137892158,rs11356730_rs610604,0.964714,rs610604,rs11356730,,,,,,,,,,,,,,,,,,,,
543,chr6,137894216,137894217,rs593622_rs610604,0.879618,rs610604,rs593622,,,,,,,,,,,,,,,,,,,,
544,chr6,137894378,137894379,rs592810_rs610604,0.879618,rs610604,rs592810,,,,,,,,,,,,,,,,,,,,
545,chr6,137894436,137894437,rs644340_rs610604,0.879618,rs610604,rs644340,,,,,,,,,,,,,,,,,,,,
546,chr6,137895650,137895651,rs674451_rs610604,0.977847,rs610604,rs674451,,,,,,,,,,,,,,,,,,,,
547,chr6,137897651,137897652,rs11354287_rs610604,0.8294219999999999,rs610604,rs11354287,,,,,,,,,,,,,,,,,,,,
548,chr6,137901372,137901373,rs9321634_rs610604,0.8521989999999999,rs610604,rs9321634,,,,,,,,,,,,,,,,,,,,
549,chr6,137905964,137905965,rs4896301_rs610604,0.847672,rs610604,rs4896301,,,,,,,,,,,,,,,,,,,,
550,chr6,137908681,137908682,rs1561121_rs610604,0.847672,rs610604,rs1561121,,,,,,,,,,,,,,,,,,,,
551,chr6,137909969,137909970,rs6570193_rs610604,0.8521989999999999,rs610604,rs6570193,,,,,,,,,,,,,,,,,,,,
552,chr6,137911341,137911342,rs6903624_rs610604,0.8483450000000001,rs610604,rs6903624,,,,,,,,,,,,,,,,,,,,
553,chr6,137912947,137912948,rs4896303_rs610604,0.848355,rs610604,rs4896303,,,,,,,,,,,,,,,,,,,,
