,chr,start,end,name,score,loci,snp,loop_chr,loop_A_start,loop_B_end,loop_id,nom_pval_loop_perm_CD8,slope_loop_perm_CD8,adj_beta_pval_loop_perm_CD8,nom_pval_loop_nom_CD8,slope_loop_nom_CD8,nom_pval_loop_perm_CD4,slope_loop_perm_CD4,adj_beta_pval_loop_perm_CD4,nom_pval_loop_nom_CD4,slope_loop_nom_CD4
0,chr1,24944080,24944081,rs1395621_rs1395621,1.0,rs1395621,rs1395621,chr1,25620001.0,25677500.0,1335.0,0.0033606,0.536818,0.769385,,,,,,,
1,chr1,67134215,67134216,rs12068633_rs12044149,0.805741,rs12044149,rs12068633,,,,,,,,,,,,,,
2,chr1,67135002,67135003,rs12044149_rs12044149,1.0,rs12044149,rs12044149,chr1,66352501.0,66445000.0,3533.0,,,,,,0.00466682,-0.709111,0.891859,,
3,chr1,67135002,67135003,rs12044149_rs12044149,1.0,rs12044149,rs12044149,chr1,66927501.0,67172500.0,3557.0,,,,,,,,,0.000525322,-0.849107
4,chr1,67135448,67135449,rs11209003_rs12044149,0.813875,rs12044149,rs11209003,,,,,,,,,,,,,,
5,chr1,67138535,67138536,rs12060309_rs12044149,0.809794,rs12044149,rs12060309,,,,,,,,,,,,,,
6,chr12,56229562,56229563,rs57343616_rs2020854,0.834225,rs2020854,rs57343616,,,,,,,,,,,,,,
7,chr12,56231908,56231909,rs1274496_rs2020854,0.8962370000000001,rs2020854,rs1274496,,,,,,,,,,,,,,
8,chr12,56233515,56233516,rs77415512_rs2020854,0.834225,rs2020854,rs77415512,,,,,,,,,,,,,,
9,chr12,56233834,56233835,rs75274818_rs2020854,0.86516,rs2020854,rs75274818,,,,,,,,,,,,,,
10,chr12,56233867,56233868,rs76745316_rs2020854,0.834225,rs2020854,rs76745316,,,,,,,,,,,,,,
11,chr12,56234593,56234594,rs1295772_rs2020854,0.8962370000000001,rs2020854,rs1295772,,,,,,,,,,,,,,
12,chr12,56236282,56236283,rs17118403_rs2020854,0.834225,rs2020854,rs17118403,,,,,,,,,,,,,,
13,chr12,56236979,56236980,rs17118409_rs2020854,0.834225,rs2020854,rs17118409,,,,,,,,,,,,,,
14,chr12,56240854,56240855,rs35526714_rs2020854,0.803433,rs2020854,rs35526714,,,,,,,,,,,,,,
15,chr12,56241295,56241296,rs78495928_rs2020854,0.834225,rs2020854,rs78495928,,,,,,,,,,,,,,
16,chr12,56243190,56243191,rs59626664_rs2020854,0.834225,rs2020854,rs59626664,,,,,,,,,,,,,,
17,chr12,56244292,56244293,rs74673257_rs2020854,0.834225,rs2020854,rs74673257,,,,,,,,,,,,,,
18,chr12,56244482,56244483,rs117683816_rs2020854,0.834225,rs2020854,rs117683816,,,,,,,,,,,,,,
19,chr12,56246556,56246557,rs75265219_rs2020854,0.834225,rs2020854,rs75265219,,,,,,,,,,,,,,
20,chr12,56247101,56247102,rs2629452_rs2020854,0.8962370000000001,rs2020854,rs2629452,,,,,,,,,,,,,,
21,chr12,56249899,56249900,rs60913149_rs2020854,0.834225,rs2020854,rs60913149,,,,,,,,,,,,,,
22,chr12,56250466,56250467,rs79718165_rs2020854,0.8621040000000001,rs2020854,rs79718165,,,,,,,,,,,,,,
23,chr12,56251101,56251102,rs59822547_rs2020854,0.893022,rs2020854,rs59822547,,,,,,,,,,,,,,
24,chr12,56252428,56252429,rs77120931_rs2020854,0.893022,rs2020854,rs77120931,,,,,,,,,,,,,,
25,chr12,56253458,56253459,rs2371454_rs2020854,0.8621040000000001,rs2020854,rs2371454,,,,,,,,,,,,,,
26,chr12,56254126,56254127,rs808919_rs2020854,0.8962370000000001,rs2020854,rs808919,,,,,,,,,,,,,,
27,chr12,56254992,56254993,rs871130_rs2020854,0.8621040000000001,rs2020854,rs871130,,,,,,,,,,,,,,
28,chr12,56255816,56255817,rs1274490_rs2020854,0.924075,rs2020854,rs1274490,,,,,,,,,,,,,,
29,chr12,56259509,56259510,rs138540086_rs2020854,0.892114,rs2020854,rs138540086,,,,,,,,,,,,,,
30,chr12,56259775,56259776,rs149241310_rs2020854,0.8775459999999999,rs2020854,rs149241310,,,,,,,,,,,,,,
31,chr12,56260129,56260130,rs138479608_rs2020854,0.892114,rs2020854,rs138479608,,,,,,,,,,,,,,
32,chr12,56262480,56262481,rs149980726_rs2020854,0.892114,rs2020854,rs149980726,,,,,,,,,,,,,,
33,chr12,56263431,56263432,rs111885088_rs2020854,0.92307,rs2020854,rs111885088,,,,,,,,,,,,,,
34,chr12,56264103,56264104,rs117305040_rs2020854,0.892114,rs2020854,rs117305040,,,,,,,,,,,,,,
35,chr12,56264923,56264924,rs59917308_rs2020854,0.892114,rs2020854,rs59917308,,,,,,,,,,,,,,
36,chr12,56265535,56265536,rs76151170_rs2020854,0.92307,rs2020854,rs76151170,,,,,,,,,,,,,,
37,chr12,56267120,56267121,rs60542959_rs2020854,0.892114,rs2020854,rs60542959,,,,,,,,,,,,,,
38,chr12,56270446,56270447,rs77131854_rs2020854,0.892114,rs2020854,rs77131854,,,,,,,,,,,,,,
39,chr12,56273315,56273316,rs17118431_rs2020854,0.92307,rs2020854,rs17118431,,,,,,,,,,,,,,
40,chr12,56273513,56273514,rs744051_rs2020854,0.892114,rs2020854,rs744051,,,,,,,,,,,,,,
41,chr12,56273819,56273820,rs17118439_rs2020854,0.892114,rs2020854,rs17118439,,,,,,,,,,,,,,
42,chr12,56274109,56274110,rs112931321_rs2020854,0.92307,rs2020854,rs112931321,,,,,,,,,,,,,,
43,chr12,56277201,56277202,rs5798367_rs2020854,0.898481,rs2020854,rs5798367,,,,,,,,,,,,,,
44,chr12,56277362,56277363,rs182963805_rs2020854,0.892114,rs2020854,rs182963805,,,,,,,,,,,,,,
45,chr12,56277425,56277426,rs185890383_rs2020854,0.92307,rs2020854,rs185890383,,,,,,,,,,,,,,
46,chr12,56278321,56278322,rs138155346_rs2020854,0.892114,rs2020854,rs138155346,,,,,,,,,,,,,,
47,chr12,56280981,56280982,rs773652_rs2020854,0.954161,rs2020854,rs773652,,,,,,,,,,,,,,
48,chr12,56283032,56283033,rs34111839_rs2020854,0.892114,rs2020854,rs34111839,,,,,,,,,,,,,,
49,chr12,56283476,56283477,rs144487456_rs2020854,0.892114,rs2020854,rs144487456,,,,,,,,,,,,,,
50,chr12,56284194,56284195,rs118130855_rs2020854,0.892114,rs2020854,rs118130855,,,,,,,,,,,,,,
51,chr12,56284550,56284551,rs150931789_rs2020854,0.892114,rs2020854,rs150931789,,,,,,,,,,,,,,
52,chr12,56285966,56285967,rs1802236_rs2020854,0.92307,rs2020854,rs1802236,,,,,,,,,,,,,,
53,chr12,56286186,56286187,rs77032009_rs2020854,0.92307,rs2020854,rs77032009,,,,,,,,,,,,,,
54,chr12,56286746,56286747,rs2306693_rs2020854,0.92307,rs2020854,rs2306693,,,,,,,,,,,,,,
55,chr12,56286851,56286852,rs2306694_rs2020854,0.892114,rs2020854,rs2306694,,,,,,,,,,,,,,
56,chr12,56288586,56288587,rs1274493_rs2020854,0.954161,rs2020854,rs1274493,,,,,,,,,,,,,,
57,chr12,56288816,56288817,rs10711668_rs2020854,0.92307,rs2020854,rs10711668,,,,,,,,,,,,,,
58,chr12,56290190,56290191,rs116849218_rs2020854,0.892114,rs2020854,rs116849218,,,,,,,,,,,,,,
59,chr12,56290711,56290712,rs36207871_rs2020854,0.954161,rs2020854,rs36207871,,,,,,,,,,,,,,
60,chr12,56290872,56290873,rs148605139_rs2020854,0.892114,rs2020854,rs148605139,,,,,,,,,,,,,,
61,chr12,56291013,56291014,rs78121408_rs2020854,0.92307,rs2020854,rs78121408,,,,,,,,,,,,,,
62,chr12,56293212,56293213,rs79436528_rs2020854,0.892114,rs2020854,rs79436528,,,,,,,,,,,,,,
63,chr12,56293674,56293675,rs140488289_rs2020854,0.92307,rs2020854,rs140488289,,,,,,,,,,,,,,
64,chr12,56293787,56293788,rs77853814_rs2020854,0.892114,rs2020854,rs77853814,,,,,,,,,,,,,,
65,chr12,56294452,56294453,rs184104056_rs2020854,0.892114,rs2020854,rs184104056,,,,,,,,,,,,,,
66,chr12,56295750,56295751,rs181006907_rs2020854,0.892114,rs2020854,rs181006907,,,,,,,,,,,,,,
67,chr12,56295940,56295941,rs2643623_rs2020854,0.954161,rs2020854,rs2643623,,,,,,,,,,,,,,
68,chr12,56296877,56296878,rs77447765_rs2020854,0.92307,rs2020854,rs77447765,,,,,,,,,,,,,,
69,chr12,56297988,56297989,rs113382723_rs2020854,0.892892,rs2020854,rs113382723,,,,,,,,,,,,,,
70,chr12,56299735,56299736,rs41423244_rs2020854,0.892114,rs2020854,rs41423244,,,,,,,,,,,,,,
71,chr12,56300476,56300477,rs2695789_rs2020854,0.954161,rs2020854,rs2695789,,,,,,,,,,,,,,
72,chr12,56301032,56301033,rs78149779_rs2020854,0.92307,rs2020854,rs78149779,,,,,,,,,,,,,,
73,chr12,56301675,56301676,rs61338787_rs2020854,0.892114,rs2020854,rs61338787,,,,,,,,,,,,,,
74,chr12,56302169,56302170,rs59811639_rs2020854,0.892114,rs2020854,rs59811639,,,,,,,,,,,,,,
75,chr12,56302271,56302272,rs41363748_rs2020854,0.892114,rs2020854,rs41363748,,,,,,,,,,,,,,
76,chr12,56302760,56302761,rs116934693_rs2020854,0.8233719999999999,rs2020854,rs116934693,,,,,,,,,,,,,,
77,chr12,56302957,56302958,rs41392645_rs2020854,0.92307,rs2020854,rs41392645,,,,,,,,,,,,,,
78,chr12,56303325,56303326,rs2695788_rs2020854,0.92555,rs2020854,rs2695788,,,,,,,,,,,,,,
79,chr12,56304418,56304419,rs141303458_rs2020854,0.92307,rs2020854,rs141303458,,,,,,,,,,,,,,
80,chr12,56305175,56305176,rs57279772_rs2020854,0.892114,rs2020854,rs57279772,,,,,,,,,,,,,,
81,chr12,56305838,56305839,rs10876882_rs2020854,0.925548,rs2020854,rs10876882,,,,,,,,,,,,,,
82,chr12,56306208,56306209,rs76430365_rs2020854,0.892114,rs2020854,rs76430365,,,,,,,,,,,,,,
83,chr12,56307024,56307025,rs2629447_rs2020854,0.954161,rs2020854,rs2629447,,,,,,,,,,,,,,
84,chr12,56307594,56307595,rs60192809_rs2020854,0.892114,rs2020854,rs60192809,,,,,,,,,,,,,,
85,chr12,56308087,56308088,rs703830_rs2020854,0.954161,rs2020854,rs703830,,,,,,,,,,,,,,
86,chr12,56308227,56308228,rs79750959_rs2020854,0.892114,rs2020854,rs79750959,,,,,,,,,,,,,,
87,chr12,56308391,56308392,rs773664_rs2020854,0.954161,rs2020854,rs773664,,,,,,,,,,,,,,
88,chr12,56312393,56312394,rs62956461_rs2020854,0.954161,rs2020854,rs62956461,,,,,,,,,,,,,,
89,chr12,56312636,56312637,rs150955176_rs2020854,0.892114,rs2020854,rs150955176,,,,,,,,,,,,,,
90,chr12,56313137,56313138,rs58852079_rs2020854,0.892114,rs2020854,rs58852079,,,,,,,,,,,,,,
91,chr12,56314791,56314792,rs59295315_rs2020854,0.892114,rs2020854,rs59295315,,,,,,,,,,,,,,
92,chr12,56321799,56321800,rs145286577_rs2020854,0.892114,rs2020854,rs145286577,,,,,,,,,,,,,,
93,chr12,56323681,56323682,rs773665_rs2020854,0.954161,rs2020854,rs773665,,,,,,,,,,,,,,
94,chr12,56324020,56324021,rs2291361_rs2020854,0.892114,rs2020854,rs2291361,,,,,,,,,,,,,,
95,chr12,56324637,56324638,rs11171803_rs2020854,0.892114,rs2020854,rs11171803,,,,,,,,,,,,,,
96,chr12,56325665,56325666,rs76466034_rs2020854,0.892114,rs2020854,rs76466034,,,,,,,,,,,,,,
97,chr12,56329045,56329046,rs2695782_rs2020854,0.954161,rs2020854,rs2695782,,,,,,,,,,,,,,
98,chr12,56329801,56329802,rs149209614_rs2020854,0.92307,rs2020854,rs149209614,,,,,,,,,,,,,,
99,chr12,56329934,56329935,rs143405823_rs2020854,0.892114,rs2020854,rs143405823,,,,,,,,,,,,,,
100,chr12,56330548,56330549,rs192026667_rs2020854,0.892114,rs2020854,rs192026667,,,,,,,,,,,,,,
101,chr12,56331336,56331337,rs77768890_rs2020854,0.892114,rs2020854,rs77768890,,,,,,,,,,,,,,
102,chr12,56332196,56332197,rs142837313_rs2020854,0.892114,rs2020854,rs142837313,,,,,,,,,,,,,,
103,chr12,56332555,56332556,rs74496027_rs2020854,0.92307,rs2020854,rs74496027,,,,,,,,,,,,,,
104,chr12,56332564,56332565,rs75754909_rs2020854,0.892114,rs2020854,rs75754909,,,,,,,,,,,,,,
105,chr12,56332733,56332734,rs2643626_rs2020854,0.939653,rs2020854,rs2643626,,,,,,,,,,,,,,
106,chr12,56333920,56333921,rs80317430_rs2020854,0.892114,rs2020854,rs80317430,,,,,,,,,,,,,,
107,chr12,56334215,56334216,rs2371494_rs2020854,0.954161,rs2020854,rs2371494,,,,,,,,,,,,,,
108,chr12,56334352,56334353,rs79824801_rs2020854,0.892114,rs2020854,rs79824801,,,,,,,,,,,,,,
109,chr12,56334473,56334474,rs11358218_rs2020854,0.954161,rs2020854,rs11358218,,,,,,,,,,,,,,
110,chr12,56335954,56335955,rs79101914_rs2020854,0.892114,rs2020854,rs79101914,,,,,,,,,,,,,,
111,chr12,56336642,56336643,rs35157967_rs2020854,0.892114,rs2020854,rs35157967,,,,,,,,,,,,,,
112,chr12,56337292,56337293,rs111492967_rs2020854,0.954161,rs2020854,rs111492967,,,,,,,,,,,,,,
113,chr12,56339746,56339747,rs11171806_rs2020854,0.892114,rs2020854,rs11171806,,,,,,,,,,,,,,
114,chr12,56342205,56342206,rs11575248_rs2020854,0.892114,rs2020854,rs11575248,,,,,,,,,,,,,,
115,chr12,56344188,56344189,rs2066808_rs2020854,0.954161,rs2020854,rs2066808,,,,,,,,,,,,,,
116,chr12,56345006,56345007,rs111914426_rs2020854,0.925548,rs2020854,rs111914426,,,,,,,,,,,,,,
117,chr12,56345031,56345032,rs201230143_rs2020854,0.892114,rs2020854,rs201230143,,,,,,,,,,,,,,
118,chr12,56345476,56345477,rs116535779_rs2020854,0.954161,rs2020854,rs116535779,,,,,,,,,,,,,,
119,chr12,56345772,56345773,rs111580405_rs2020854,0.92307,rs2020854,rs111580405,,,,,,,,,,,,,,
120,chr12,56346072,56346073,rs11575240_rs2020854,0.892114,rs2020854,rs11575240,,,,,,,,,,,,,,
121,chr12,56346228,56346229,rs3832805_rs2020854,0.892114,rs2020854,rs3832805,,,,,,,,,,,,,,
122,chr12,56346897,56346898,rs2066807_rs2020854,0.938043,rs2020854,rs2066807,,,,,,,,,,,,,,
123,chr12,56347443,56347444,rs57137641_rs2020854,0.938043,rs2020854,rs57137641,,,,,,,,,,,,,,
124,chr12,56349582,56349583,rs2020854_rs2020854,1.0,rs2020854,rs2020854,,,,,,,,,,,,,,
125,chr12,56350491,56350492,rs11575234_rs2020854,1.0,rs2020854,rs11575234,,,,,,,,,,,,,,
126,chr12,56350637,56350638,rs11575232_rs2020854,0.938025,rs2020854,rs11575232,,,,,,,,,,,,,,
127,chr12,56350660,56350661,rs11575231_rs2020854,0.938025,rs2020854,rs11575231,,,,,,,,,,,,,,
128,chr12,56352003,56352004,rs57367440_rs2020854,0.938025,rs2020854,rs57367440,,,,,,,,,,,,,,
129,chr12,56352703,56352704,rs113384062_rs2020854,0.8640959999999999,rs2020854,rs113384062,,,,,,,,,,,,,,
130,chr12,56352773,56352774,rs75598973_rs2020854,0.938025,rs2020854,rs75598973,,,,,,,,,,,,,,
131,chr12,56353959,56353960,rs148874097_rs2020854,0.938025,rs2020854,rs148874097,,,,,,,,,,,,,,
132,chr12,56356419,56356420,rs2066819_rs2020854,0.938025,rs2020854,rs2066819,,,,,,,,,,,,,,
133,chr12,56356952,56356953,rs11575229_rs2020854,0.938025,rs2020854,rs11575229,,,,,,,,,,,,,,
134,chr12,56357087,56357088,rs117779516_rs2020854,0.938025,rs2020854,rs117779516,,,,,,,,,,,,,,
135,chr12,56358369,56358370,rs11575224_rs2020854,0.938025,rs2020854,rs11575224,,,,,,,,,,,,,,
136,chr12,56359089,56359090,rs57870697_rs2020854,0.938025,rs2020854,rs57870697,,,,,,,,,,,,,,
137,chr12,56359467,56359468,ALU_umary_ALU_9228_rs2020854,0.8308260000000001,rs2020854,ALU,,,,,,,,,,,,,,
138,chr12,56360037,56360038,rs2066818_rs2020854,0.922613,rs2020854,rs2066818,,,,,,,,,,,,,,
139,chr12,56360586,56360587,rs371263878_rs2020854,1.0,rs2020854,rs371263878,,,,,,,,,,,,,,
140,chr17,27797578,27797579,rs3794767_rs3794767,1.0,rs3794767,rs3794767,,,,,,,,,,,,,,
141,chr17,27799318,27799319,rs6505483_rs3794767,0.839701,rs3794767,rs6505483,chr17,28600001.0,28902500.0,86449.0,0.00289361,0.662064,0.685003,,,,,,,
142,chr17,27800491,27800492,rs10459953_rs3794767,0.8522120000000001,rs3794767,rs10459953,,,,,,,,,,,,,,
143,chr19,10317044,10317045,rs74956615_rs34536443,0.8328709999999999,rs34536443,rs74956615,,,,,,,,,,,,,,
144,chr19,10352441,10352442,rs34536443_rs34536443,1.0,rs34536443,rs34536443,,,,,,,,,,,,,,
145,chr19,10381597,10381598,rs144309607_rs34536443,0.804942,rs34536443,rs144309607,,,,,,,,,,,,,,
146,chr2,162254025,162254026,rs2111485_rs2111485,1.0,rs2111485,rs2111485,,,,,,,,,,,,,,
147,chr2,162267540,162267541,rs1990760_rs2111485,0.8894860000000001,rs2111485,rs1990760,,,,,,,,,,,,,,
148,chr22,21562949,21562950,rs131655_rs5754467,0.8062560000000001,rs5754467,rs131655,,,,,,,,,,,,,,
149,chr22,21563160,21563161,rs131656_rs5754467,0.805879,rs5754467,rs131656,,,,,,,,,,,,,,
150,chr22,21563260,21563261,rs131657_rs5754467,0.8002130000000001,rs5754467,rs131657,,,,,,,,,,,,,,
151,chr22,21563336,21563337,rs131658_rs5754467,0.8119149999999999,rs5754467,rs131658,,,,,,,,,,,,,,
152,chr22,21563418,21563419,rs131659_rs5754467,0.8062560000000001,rs5754467,rs131659,,,,,,,,,,,,,,
153,chr22,21563467,21563468,rs131660_rs5754467,0.8062560000000001,rs5754467,rs131660,,,,,,,,,,,,,,
154,chr22,21565381,21565382,rs140488_rs5754467,0.8062560000000001,rs5754467,rs140488,,,,,,,,,,,,,,
155,chr22,21566113,21566114,rs131664_rs5754467,0.8062560000000001,rs5754467,rs131664,,,,,,,,,,,,,,
156,chr22,21566613,21566614,rs131665_rs5754467,0.8062560000000001,rs5754467,rs131665,,,,,,,,,,,,,,
157,chr22,21567004,21567005,rs140489_rs5754467,0.8062560000000001,rs5754467,rs140489,,,,,,,,,,,,,,
158,chr22,21567396,21567397,rs140490_rs5754467,0.8062560000000001,rs5754467,rs140490,,,,,,,,,,,,,,
159,chr22,21568074,21568075,rs140491_rs5754467,0.8062560000000001,rs5754467,rs140491,,,,,,,,,,,,,,
160,chr22,21568854,21568855,rs140492_rs5754467,0.8062560000000001,rs5754467,rs140492,,,,,,,,,,,,,,
161,chr22,21570299,21570300,rs140495_rs5754467,0.8062560000000001,rs5754467,rs140495,,,,,,,,,,,,,,
162,chr22,21572774,21572775,rs140498_rs5754467,0.8062560000000001,rs5754467,rs140498,,,,,,,,,,,,,,
163,chr22,21572941,21572942,rs140499_rs5754467,0.8062560000000001,rs5754467,rs140499,,,,,,,,,,,,,,
164,chr22,21574351,21574352,rs181359_rs5754467,0.8062560000000001,rs5754467,rs181359,,,,,,,,,,,,,,
165,chr22,21574626,21574627,rs181360_rs5754467,0.8062560000000001,rs5754467,rs181360,,,,,,,,,,,,,,
166,chr22,21575276,21575277,rs181361_rs5754467,0.805838,rs5754467,rs181361,,,,,,,,,,,,,,
167,chr22,21577778,21577779,rs181362_rs5754467,0.8062560000000001,rs5754467,rs181362,,,,,,,,,,,,,,
168,chr22,21577974,21577975,rs181363_rs5754467,0.8062560000000001,rs5754467,rs181363,,,,,,,,,,,,,,
169,chr22,21579490,21579491,rs181366_rs5754467,0.8062560000000001,rs5754467,rs181366,,,,,,,,,,,,,,
170,chr22,21581862,21581863,rs66534072_rs5754467,0.8062560000000001,rs5754467,rs66534072,,,,,,,,,,,,,,
171,chr22,21583934,21583935,rs5749485_rs5754467,0.8062560000000001,rs5754467,rs5749485,,,,,,,,,,,,,,
172,chr22,21584300,21584301,rs5998576_rs5754467,0.8119149999999999,rs5754467,rs5998576,,,,,,,,,,,,,,
173,chr22,21584573,21584574,rs73166622_rs5754467,0.8119149999999999,rs5754467,rs73166622,,,,,,,,,,,,,,
174,chr22,21585385,21585386,rs5754217_rs5754467,0.8062560000000001,rs5754467,rs5754217,,,,,,,,,,,,,,
175,chr22,21585397,21585398,rs5749493_rs5754467,0.8062560000000001,rs5754467,rs5749493,,,,,,,,,,,,,,
176,chr22,21587691,21587692,rs5998599_rs5754467,0.805879,rs5754467,rs5998599,,,,,,,,,,,,,,
177,chr22,21589374,21589375,rs5754238_rs5754467,0.8119149999999999,rs5754467,rs5754238,,,,,,,,,,,,,,
178,chr22,21589648,21589649,rs1034329_rs5754467,0.8119149999999999,rs5754467,rs1034329,,,,,,,,,,,,,,
179,chr22,21590188,21590189,rs2283789_rs5754467,0.8119149999999999,rs5754467,rs2283789,,,,,,,,,,,,,,
180,chr22,21591561,21591562,rs5998619_rs5754467,0.805879,rs5754467,rs5998619,,,,,,,,,,,,,,
181,chr22,21591883,21591884,rs73166632_rs5754467,0.8119149999999999,rs5754467,rs73166632,,,,,,,,,,,,,,
182,chr22,21595121,21595122,rs2070512_rs5754467,0.8062560000000001,rs5754467,rs2070512,,,,,,,,,,,,,,
183,chr22,21597450,21597451,rs5754295_rs5754467,0.8062560000000001,rs5754467,rs5754295,,,,,,,,,,,,,,
184,chr22,21598849,21598850,rs58077207_rs5754467,0.800654,rs5754467,rs58077207,,,,,,,,,,,,,,
185,chr22,21598986,21598987,rs5994638_rs5754467,0.8062560000000001,rs5754467,rs5994638,,,,,,,,,,,,,,
186,chr22,21598998,21598999,rs5998644_rs5754467,0.8062560000000001,rs5754467,rs5998644,,,,,,,,,,,,,,
187,chr22,21602363,21602364,rs2283790_rs5754467,0.8062560000000001,rs5754467,rs2283790,,,,,,,,,,,,,,
188,chr22,21603702,21603703,rs5754323_rs5754467,0.8062560000000001,rs5754467,rs5754323,,,,,,,,,,,,,,
189,chr22,21604014,21604015,rs2266964_rs5754467,0.8062560000000001,rs5754467,rs2266964,,,,,,,,,,,,,,
190,chr22,21604582,21604583,rs11089629_rs5754467,0.8062560000000001,rs5754467,rs11089629,,,,,,,,,,,,,,
191,chr22,21604748,21604749,rs4821108_rs5754467,0.8119149999999999,rs5754467,rs4821108,,,,,,,,,,,,,,
192,chr22,21610471,21610472,rs4821112_rs5754467,0.8062560000000001,rs5754467,rs4821112,,,,,,,,,,,,,,
193,chr22,21610661,21610662,rs5754352_rs5754467,0.8062560000000001,rs5754467,rs5754352,,,,,,,,,,,,,,
194,chr22,21612152,21612153,rs5998672_rs5754467,0.8062560000000001,rs5754467,rs5998672,,,,,,,,,,,,,,
195,chr22,21612543,21612544,rs12169001_rs5754467,0.8119149999999999,rs5754467,rs12169001,,,,,,,,,,,,,,
196,chr22,21613931,21613932,rs738127_rs5754467,0.8062560000000001,rs5754467,rs738127,,,,,,,,,,,,,,
197,chr22,21616720,21616721,rs738128_rs5754467,0.8062560000000001,rs5754467,rs738128,,,,,,,,,,,,,,
198,chr22,21616751,21616752,rs738129_rs5754467,0.8062560000000001,rs5754467,rs738129,,,,,,,,,,,,,,
199,chr22,21617342,21617343,rs8139079_rs5754467,0.8119149999999999,rs5754467,rs8139079,,,,,,,,,,,,,,
200,chr22,21618111,21618112,rs2876971_rs5754467,0.8119149999999999,rs5754467,rs2876971,,,,,,,,,,,,,,
201,chr22,21622757,21622758,rs7445_rs5754467,0.8062560000000001,rs5754467,rs7445,,,,,,,,,,,,,,
202,chr22,21625294,21625295,rs12158299_rs5754467,0.8119149999999999,rs5754467,rs12158299,,,,,,,,,,,,,,
203,chr22,21625648,21625649,rs9619386_rs5754467,0.811821,rs5754467,rs9619386,,,,,,,,,,,,,,
204,chr22,21625967,21625968,rs5754422_rs5754467,0.8119149999999999,rs5754467,rs5754422,,,,,,,,,,,,,,
205,chr22,21626103,21626104,rs67163745_rs5754467,0.8119149999999999,rs5754467,rs67163745,,,,,,,,,,,,,,
206,chr22,21626348,21626349,rs5754426_rs5754467,0.8119149999999999,rs5754467,rs5754426,,,,,,,,,,,,,,
207,chr22,21626604,21626605,rs4821130_rs5754467,0.8119149999999999,rs5754467,rs4821130,,,,,,,,,,,,,,
208,chr22,21627764,21627765,rs1811069_rs5754467,0.805879,rs5754467,rs1811069,,,,,,,,,,,,,,
209,chr22,21627959,21627960,rs878825_rs5754467,0.8062560000000001,rs5754467,rs878825,,,,,,,,,,,,,,
210,chr22,21628970,21628971,rs2298429_rs5754467,0.835111,rs5754467,rs2298429,,,,,,,,,,,,,,
211,chr22,21630089,21630090,rs3747093_rs5754467,0.975376,rs5754467,rs3747093,,,,,,,,,,,,,,
212,chr22,21630804,21630805,rs5754467_rs5754467,1.0,rs5754467,rs5754467,,,,,,,,,,,,,,
213,chr5,131035276,131035277,rs11948761_rs11743851,0.812719,rs11743851,rs11948761,,,,,,,,,,,,,,
214,chr5,131087865,131087866,rs4705885_rs11743851,0.8939940000000001,rs11743851,rs4705885,,,,,,,,,,,,,,
215,chr5,131133393,131133394,rs139746351_rs11743851,0.8854350000000001,rs11743851,rs139746351,,,,,,,,,,,,,,
216,chr5,131277906,131277907,rs11743851_rs11743851,1.0,rs11743851,rs11743851,,,,,,,,,,,,,,
217,chr5,131296961,131296962,rs1030271_rs11743851,0.982119,rs11743851,rs1030271,,,,,,,,,,,,,,
218,chr5,131338382,131338383,rs4706020_rs11743851,0.986576,rs11743851,rs4706020,,,,,,,,,,,,,,
219,chr5,131381396,131381397,rs11738827_rs11743851,0.977774,rs11743851,rs11738827,,,,,,,,,,,,,,
220,chr5,132223505,132223506,rs4705849_rs17622208,0.8461690000000001,rs17622208,rs4705849,chr5,132015001.0,132060000.0,34213.0,,,,0.000905056,-0.591394,,,,,
221,chr5,132225678,132225679,rs72793278_rs17622208,0.8461690000000001,rs17622208,rs72793278,chr5,132015001.0,132060000.0,34213.0,,,,0.000905056,-0.591394,,,,,
222,chr5,132226064,132226065,rs4705926_rs17622208,0.8461690000000001,rs17622208,rs4705926,chr5,132015001.0,132060000.0,34213.0,,,,0.000905056,-0.591394,,,,,
223,chr5,132227206,132227207,rs72793280_rs17622208,0.8052010000000001,rs17622208,rs72793280,chr5,132015001.0,132060000.0,34213.0,,,,0.000905056,-0.591394,,,,,
224,chr5,132227807,132227808,rs113823725_rs17622208,0.8088529999999999,rs17622208,rs113823725,chr5,132015001.0,132060000.0,34213.0,,,,0.000905056,-0.591394,,,,,
225,chr5,132230267,132230268,rs35388762_rs17622208,0.8088529999999999,rs17622208,rs35388762,,,,,,,,,,,,,,
226,chr5,132231247,132231248,rs72793283_rs17622208,0.8088529999999999,rs17622208,rs72793283,chr5,132015001.0,132060000.0,34213.0,,,,0.000905056,-0.591394,,,,,
227,chr5,132232230,132232231,rs11955347_rs17622208,0.8088529999999999,rs17622208,rs11955347,chr5,132015001.0,132060000.0,34213.0,,,,0.000905056,-0.591394,,,,,
228,chr5,132235202,132235203,rs10058655_rs17622208,0.8088529999999999,rs17622208,rs10058655,chr5,132015001.0,132060000.0,34213.0,,,,0.000905056,-0.591394,,,,,
229,chr5,132237835,132237836,rs2089855_rs17622208,0.816537,rs17622208,rs2089855,chr5,132015001.0,132060000.0,34213.0,,,,0.000905056,-0.591394,,,,,
230,chr5,132240238,132240239,rs6863213_rs17622208,0.8205899999999999,rs17622208,rs6863213,chr5,132015001.0,132060000.0,34213.0,,,,0.000905056,-0.591394,,,,,
231,chr5,132241043,132241044,rs11949055_rs17622208,0.8205899999999999,rs17622208,rs11949055,chr5,132015001.0,132060000.0,34213.0,,,,0.000905056,-0.591394,,,,,
232,chr5,132242943,132242944,rs4705928_rs17622208,0.8205899999999999,rs17622208,rs4705928,chr5,132015001.0,132060000.0,34213.0,,,,0.000905056,-0.591394,,,,,
233,chr5,132246662,132246663,rs3844312_rs17622208,0.8205899999999999,rs17622208,rs3844312,chr5,132015001.0,132060000.0,34213.0,,,,0.000905056,-0.591394,,,,,
234,chr5,132250264,132250265,rs7701414_rs17622208,0.816537,rs17622208,rs7701414,chr5,132015001.0,132060000.0,34213.0,,,,0.000905056,-0.591394,,,,,
235,chr5,132250904,132250905,rs4594848_rs17622208,0.81286,rs17622208,rs4594848,chr5,132015001.0,132060000.0,34213.0,,,,0.000905056,-0.591394,,,,,
236,chr5,132256031,132256032,rs112537099_rs17622208,0.8205899999999999,rs17622208,rs112537099,chr5,132015001.0,132060000.0,34213.0,,,,0.000905056,-0.591394,,,,,
237,chr5,132256711,132256712,rs7720230_rs17622208,0.8205899999999999,rs17622208,rs7720230,chr5,132015001.0,132060000.0,34213.0,,,,0.000905056,-0.591394,,,,,
238,chr5,132261311,132261312,rs7735891_rs17622208,0.8390799999999999,rs17622208,rs7735891,chr5,132015001.0,132060000.0,34213.0,,,,0.000905056,-0.591394,,,,,
239,chr5,132264493,132264494,rs13357280_rs17622208,0.842823,rs17622208,rs13357280,,,,,,,,,,,,,,
240,chr5,132269977,132269978,rs146077748_rs17622208,0.802798,rs17622208,rs146077748,,,,,,,,,,,,,,
241,chr5,132271708,132271709,rs10479000_rs17622208,0.8390799999999999,rs17622208,rs10479000,chr5,131280001.0,131382500.0,34176.0,,,,0.000983943,0.609048,,,,,
242,chr5,132287664,132287665,rs7705189_rs17622208,0.81891,rs17622208,rs7705189,,,,,,,,,,,,,,
243,chr5,132302630,132302631,rs72795121_rs17622208,0.976054,rs17622208,rs72795121,,,,,,,,,,,,,,
244,chr5,132316835,132316836,rs11950562_rs17622208,0.991941,rs17622208,rs11950562,,,,,,,,,,,,,,
245,chr5,132328944,132328945,rs56083751_rs17622208,0.995974,rs17622208,rs56083751,,,,,,,,,,,,,,
246,chr5,132336963,132336964,rs56399423_rs17622208,0.804616,rs17622208,rs56399423,,,,,,,,,,,,,,
247,chr5,132340626,132340627,rs1050152_rs17622208,0.8012520000000001,rs17622208,rs1050152,,,,,,,,,,,,,,
248,chr5,132341353,132341354,rs11242109_rs17622208,0.979952,rs17622208,rs11242109,,,,,,,,,,,,,,
249,chr5,132341948,132341949,rs10075801_rs17622208,0.98001,rs17622208,rs10075801,,,,,,,,,,,,,,
250,chr5,132350452,132350453,rs10058074_rs17622208,0.976054,rs17622208,rs10058074,,,,,,,,,,,,,,
251,chr5,132358383,132358384,rs4705938_rs17622208,0.995974,rs17622208,rs4705938,,,,,,,,,,,,,,
252,chr5,132369765,132369766,rs2631367_rs17622208,0.979952,rs17622208,rs2631367,,,,,,,,,,,,,,
253,chr5,132371736,132371737,rs2631360_rs17622208,0.98401,rs17622208,rs2631360,,,,,,,,,,,,,,
254,chr5,132373184,132373185,rs10060615_rs17622208,0.98001,rs17622208,rs10060615,,,,,,,,,,,,,,
255,chr5,132373339,132373340,rs112838960_rs17622208,0.98401,rs17622208,rs112838960,,,,,,,,,,,,,,
256,chr5,132374706,132374707,rs200838_rs17622208,0.98401,rs17622208,rs200838,,,,,,,,,,,,,,
257,chr5,132381357,132381358,rs17622208_rs17622208,1.0,rs17622208,rs17622208,,,,,,,,,,,,,,
258,chr5,132660150,132660151,rs1295686_rs848,0.958829,rs848,rs1295686,,,,,,,,,,,,,,
259,chr5,132660271,132660272,rs20541_rs848,0.964655,rs848,rs20541,,,,,,,,,,,,,,
260,chr5,132660752,132660753,rs1295685_rs848,0.982261,rs848,rs1295685,,,,,,,,,,,,,,
261,chr5,132660807,132660808,rs848_rs848,1.0,rs848,rs848,,,,,,,,,,,,,,
262,chr5,132660976,132660977,rs847_rs848,0.988159,rs848,rs847,,,,,,,,,,,,,,
263,chr5,151084455,151084456,rs115682037_rs76956521,0.8540409999999999,rs76956521,rs115682037,,,,,,,,,,,,,,
264,chr5,151085017,151085018,rs75851973_rs76956521,1.0,rs76956521,rs75851973,,,,,,,,,,,,,,
265,chr5,151085079,151085080,rs76956521_rs76956521,1.0,rs76956521,rs76956521,,,,,,,,,,,,,,
266,chr5,151087128,151087129,rs8177833_rs76956521,1.0,rs76956521,rs8177833,,,,,,,,,,,,,,
267,chr5,151087627,151087628,rs2233278_rs76956521,1.0,rs76956521,rs2233278,,,,,,,,,,,,,,
268,chr5,151090411,151090412,rs74817271_rs76956521,0.984862,rs76956521,rs74817271,,,,,,,,,,,,,,
269,chr5,151092316,151092317,rs146571698_rs76956521,1.0,rs76956521,rs146571698,,,,,,,,,,,,,,
270,chr5,151097113,151097114,rs79901336_rs76956521,0.984662,rs76956521,rs79901336,,,,,,,,,,,,,,
271,chr5,151098661,151098662,rs76462670_rs76956521,0.984662,rs76956521,rs76462670,,,,,,,,,,,,,,
272,chr5,151098756,151098757,rs17728338_rs76956521,0.969497,rs76956521,rs17728338,,,,,,,,,,,,,,
273,chr5,159337168,159337169,rs7709212_rs62377586,0.987018,rs62377586,rs7709212,,,,,,,,,,,,,,
274,chr5,159337469,159337470,rs4921482_rs62377586,0.991321,rs62377586,rs4921482,,,,,,,,,,,,,,
275,chr5,159339013,159339014,rs62377586_rs62377586,1.0,rs62377586,rs62377586,,,,,,,,,,,,,,
276,chr5,159344328,159344329,rs11135059_rs62377586,0.813304,rs62377586,rs11135059,chr5,159445001.0,160347500.0,35618.0,,,,0.000702057,0.704392,,,,,
277,chr5,159344810,159344811,rs4921485_rs62377586,0.813304,rs62377586,rs4921485,chr5,159445001.0,160347500.0,35618.0,,,,0.000702057,0.704392,,,,,
278,chr5,159349992,159349993,rs7725339_rs62377586,0.813304,rs62377586,rs7725339,chr5,159445001.0,160347500.0,35618.0,,,,0.000702057,0.704392,,,,,
279,chr5,159354244,159354245,rs139840232_rs62377586,0.813304,rs62377586,rs139840232,,,,,,,,,,,,,,
280,chr5,159355680,159355681,rs9968642_rs62377586,0.813304,rs62377586,rs9968642,chr5,159445001.0,160347500.0,35618.0,,,,0.000702057,0.704392,,,,,
281,chr5,159360376,159360377,rs6556412_rs62377586,0.813304,rs62377586,rs6556412,chr5,159445001.0,160347500.0,35618.0,,,,0.000702057,0.704392,,,,,
282,chr5,159363124,159363125,rs56276983_rs62377586,0.813304,rs62377586,rs56276983,,,,,,,,,,,,,,
283,chr5,159370623,159370624,rs6861973_rs62377586,0.813304,rs62377586,rs6861973,chr5,159445001.0,160347500.0,35618.0,,,,0.000702057,0.704392,,,,,
284,chr5,159370718,159370719,rs12515766_rs62377586,0.813304,rs62377586,rs12515766,chr5,159445001.0,160347500.0,35618.0,,,,0.000702057,0.704392,,,,,
285,chr5,159371066,159371067,rs6898844_rs62377586,0.813304,rs62377586,rs6898844,chr5,159445001.0,160347500.0,35618.0,,,,0.000702057,0.704392,,,,,
286,chr5,159374178,159374179,rs6864071_rs62377586,0.813304,rs62377586,rs6864071,chr5,159445001.0,160347500.0,35618.0,,,,0.000702057,0.704392,,,,,
287,chr5,159375434,159375435,rs4413517_rs62377586,0.813304,rs62377586,rs4413517,chr5,159445001.0,160347500.0,35618.0,,,,0.000702057,0.704392,,,,,
288,chr5,159377173,159377174,rs4921224_rs62377586,0.813304,rs62377586,rs4921224,chr5,159445001.0,160347500.0,35618.0,,,,0.000702057,0.704392,,,,,
289,chr5,159377919,159377920,rs4379175_rs62377586,0.813304,rs62377586,rs4379175,chr5,159445001.0,160347500.0,35618.0,0.000702057,0.704392,0.51432,0.000702057,0.704392,,,,,
290,chr5,159399348,159399349,rs918519_rs733589,0.8480110000000001,rs733589,rs918519,,,,,,,,,,,,,,
291,chr5,159399484,159399485,rs918518_rs733589,0.891882,rs733589,rs918518,,,,,,,,,,,,,,
292,chr5,159399864,159399865,rs11384732_rs733589,0.961662,rs733589,rs11384732,,,,,,,,,,,,,,
293,chr5,159400030,159400031,rs6870774_rs733589,0.944662,rs733589,rs6870774,,,,,,,,,,,,,,
294,chr5,159402280,159402281,rs733589_rs733589,1.0,rs733589,rs733589,,,,,,,,,,,,,,
295,chr5,159411233,159411234,rs60154643_rs733589,0.8352709999999999,rs733589,rs60154643,,,,,,,,,,,,,,
296,chr5,159412243,159412244,rs1984811_rs733589,0.829873,rs733589,rs1984811,,,,,,,,,,,,,,
297,chr5,159415274,159415275,rs71791480_rs733589,0.857461,rs733589,rs71791480,,,,,,,,,,,,,,
298,chr5,159415283,159415284,rs377703718_rs733589,0.857461,rs733589,rs377703718,,,,,,,,,,,,,,
299,chr5,159415288,159415289,rs9632438_rs733589,0.857461,rs733589,rs9632438,,,,,,,,,,,,,,
300,chr5,159417031,159417032,rs9632436_rs733589,0.851039,rs733589,rs9632436,chr5,159160001.0,159275000.0,35562.0,,,,0.000744877,-0.704519,,,,,
301,chr5,159418560,159418561,rs79721398_rs733589,0.863139,rs733589,rs79721398,,,,,,,,,,,,,,
302,chr5,159419563,159419564,rs6556419_rs733589,0.857461,rs733589,rs6556419,,,,,,,,,,,,,,
303,chr5,159419700,159419701,rs6556420_rs733589,0.857461,rs733589,rs6556420,,,,,,,,,,,,,,
304,chr5,159419767,159419768,rs6556421_rs733589,0.857461,rs733589,rs6556421,,,,,,,,,,,,,,
305,chr5,159420718,159420719,rs6875350_rs733589,0.813938,rs733589,rs6875350,,,,,,,,,,,,,,
306,chr5,159420719,159420720,rs6889325_rs733589,0.813938,rs733589,rs6889325,,,,,,,,,,,,,,
307,chr5,159421062,159421063,rs4921496_rs733589,0.813938,rs733589,rs4921496,,,,,,,,,,,,,,
308,chr5,159421543,159421544,rs4921499_rs733589,0.813938,rs733589,rs4921499,,,,,,,,,,,,,,
309,chr5,159423504,159423505,rs4921500_rs733589,0.8479540000000001,rs733589,rs4921500,chr5,157947501.0,159132500.0,35514.0,,,,,,,,,0.000875566,-0.741949
310,chr5,159430464,159430465,rs7702534_rs733589,0.813938,rs733589,rs7702534,,,,,,,,,,,,,,
311,chr5,159477620,159477621,rs6869898_rs2421185,1.0,rs2421185,rs6869898,,,,,,,,,,,,,,
312,chr5,159488593,159488594,rs2421185_rs2421185,1.0,rs2421185,rs2421185,,,,,,,,,,,,,,
313,chr6,111592058,111592059,rs33980500_rs33980500,1.0,rs33980500,rs33980500,chr6,111712501.0,111847500.0,40243.0,,,,,,,,,0.000828126,-1.01849
314,chr6,111673923,111673924,rs13203885_rs13203885,1.0,rs13203885,rs13203885,chr6,109095001.0,110817500.0,40049.0,0.00106114,-0.98411,0.57248,,,,,,,
315,chr6,137862269,137862270,rs10709357_rs610604,0.857576,rs610604,rs10709357,,,,,,,,,,,,,,
316,chr6,137864314,137864315,rs654874_rs610604,0.8905129999999999,rs610604,rs654874,chr6,137825001.0,137975000.0,41215.0,,,,0.000564429,0.642348,,,,,
317,chr6,137868980,137868981,rs374184737_rs610604,0.907536,rs610604,rs374184737,,,,,,,,,,,,,,
318,chr6,137873903,137873904,rs629953_rs610604,0.9036,rs610604,rs629953,chr6,138427501.0,138767500.0,41244.0,,,,,,,,,0.000431207,0.704137
319,chr6,137874823,137874824,rs71670547_rs610604,0.8996850000000001,rs610604,rs71670547,,,,,,,,,,,,,,
320,chr6,137876193,137876194,rs661561_rs610604,0.9036,rs610604,rs661561,chr6,138427501.0,138767500.0,41244.0,,,,,,,,,0.000431207,0.704137
321,chr6,137878279,137878280,rs610604_rs610604,1.0,rs610604,rs610604,chr6,137825001.0,137975000.0,41215.0,,,,0.00039176,0.770406,,,,,
322,chr6,137885904,137885905,rs622091_rs610604,0.973444,rs610604,rs622091,chr6,137825001.0,137975000.0,41215.0,,,,0.000459532,0.725465,,,,,
323,chr6,137886591,137886592,rs1082428_rs610604,0.973444,rs610604,rs1082428,chr6,137825001.0,137975000.0,41215.0,,,,0.000459532,0.725465,,,,,
324,chr6,137888647,137888648,rs603904_rs610604,0.879618,rs610604,rs603904,chr6,138427501.0,138767500.0,41244.0,,,,,,,,,0.000431207,0.704137
325,chr6,137889399,137889400,rs1082425_rs610604,0.977847,rs610604,rs1082425,chr6,137825001.0,137975000.0,41215.0,,,,0.000459532,0.725465,,,,,
326,chr6,137891582,137891583,rs601035_rs610604,0.879618,rs610604,rs601035,chr6,138427501.0,138767500.0,41244.0,,,,,,,,,0.000431207,0.704137
327,chr6,137892157,137892158,rs11356730_rs610604,0.964714,rs610604,rs11356730,,,,,,,,,,,,,,
328,chr6,137894216,137894217,rs593622_rs610604,0.879618,rs610604,rs593622,chr6,138427501.0,138767500.0,41244.0,,,,,,,,,0.000431207,0.704137
329,chr6,137894378,137894379,rs592810_rs610604,0.879618,rs610604,rs592810,chr6,138427501.0,138767500.0,41244.0,,,,,,,,,0.000431207,0.704137
330,chr6,137894436,137894437,rs644340_rs610604,0.879618,rs610604,rs644340,chr6,138427501.0,138767500.0,41244.0,,,,,,,,,0.000431207,0.704137
331,chr6,137895650,137895651,rs674451_rs610604,0.977847,rs610604,rs674451,chr6,137825001.0,137975000.0,41215.0,,,,0.000459532,-0.725465,,,,,
332,chr6,137897651,137897652,rs11354287_rs610604,0.8294219999999999,rs610604,rs11354287,,,,,,,,,,,,,,
333,chr6,137901372,137901373,rs9321634_rs610604,0.8521989999999999,rs610604,rs9321634,chr6,138427501.0,138767500.0,41244.0,,,,,,,,,0.000431207,-0.704137
334,chr6,137905964,137905965,rs4896301_rs610604,0.847672,rs610604,rs4896301,chr6,138427501.0,138767500.0,41244.0,,,,,,,,,0.000431207,-0.704137
335,chr6,137908681,137908682,rs1561121_rs610604,0.847672,rs610604,rs1561121,chr6,138427501.0,138767500.0,41244.0,,,,,,,,,0.000431207,-0.704137
336,chr6,137909969,137909970,rs6570193_rs610604,0.8521989999999999,rs610604,rs6570193,chr6,138427501.0,138767500.0,41244.0,,,,,,,,,0.000431207,-0.704137
337,chr6,137911341,137911342,rs6903624_rs610604,0.8483450000000001,rs610604,rs6903624,chr6,138427501.0,138767500.0,41244.0,,,,,,,,,0.000431207,-0.704137
338,chr6,137912947,137912948,rs4896303_rs610604,0.848355,rs610604,rs4896303,chr6,138427501.0,138767500.0,41244.0,,,,,,0.000431207,-0.704137,0.347343,0.000431207,-0.704137
